id,user_id,user_name,user_role,action,entity_type,entity_id,previous_status,new_status,reason,details,ip_address,created_at,blockchain_status,blockchain_tx_hash,blockchain_confirmed_at
1,7,Precision Optics Rep,Vendor,USER_REGISTER_PENDING,User,7,NONE,PENDING,,User contact@precision-optics.com registered with requested role Vendor. Awaiting Admin verification.,,2026-09-21 17:45:50.921747,PENDING,,
2,1,Admin User,Administrator,ADMIN_USER_APPROVED,User,7,PENDING,APPROVED,,Admin admin@vendor-iq.com approved user contact@precision-optics.com with role Vendor,,2026-09-21 17:46:20.604640,PENDING,,
3,8,Advanced Optics Rep,Vendor,USER_REGISTER_PENDING,User,8,NONE,PENDING,,User optics@quantum-sensors.com registered with requested role Vendor. Awaiting Admin verification.,,2026-09-21 17:53:46.779716,PENDING,,
4,1,Admin User,Administrator,ADMIN_USER_APPROVED,User,8,PENDING,APPROVED,,Admin admin@vendor-iq.com approved user optics@quantum-sensors.com with role Vendor,,2026-09-21 17:53:46.809546,PENDING,,
5,2,Sarah Jenkins,Procurement Manager,PR_CREATED,PurchaseRequisition,4,NONE,SUBMITTED,,"Procurement Manager Sarah Jenkins created PR PR-2026-0004 for department 'Manufacturing & Production': High-Grade Industrial Fasteners (Qty: 100.0, Budget: $12,000.00)",,2026-09-21 17:53:46.856916,PENDING,,
6,9,Advanced Optics Rep,Vendor,USER_REGISTER_PENDING,User,9,NONE,PENDING,,User optics_1790013255@quantum-sensors.com registered with requested role Vendor. Awaiting Admin verification.,,2026-09-21 17:54:15.166363,PENDING,,
7,1,Admin User,Administrator,ADMIN_USER_APPROVED,User,9,PENDING,APPROVED,,Admin admin@vendor-iq.com approved user optics_1790013255@quantum-sensors.com with role Vendor,,2026-09-21 17:54:15.236997,PENDING,,
8,2,Sarah Jenkins,Procurement Manager,PR_CREATED,PurchaseRequisition,5,NONE,SUBMITTED,,"Procurement Manager Sarah Jenkins created PR PR-2026-0005 for department 'Manufacturing & Production': High-Grade Industrial Fasteners (Qty: 100.0, Budget: $12,000.00)",,2026-09-21 17:54:15.319223,PENDING,,
9,2,Sarah Jenkins,Procurement Manager,VENDOR_SELECTED,VendorSelection,3,SUBMITTED,VENDOR_SELECTED,,"Procurement Manager Sarah Jenkins selected Acme Industrial Supplies (V-001) for PR-2026-0005 with quote $11,500.00. Justification: Selected based on 99.2% reliability score, competitive quotation, and certified quality standard.",,2026-09-21 17:54:15.364532,PENDING,,
10,10,Advanced Optics Rep,Vendor,USER_REGISTER_PENDING,User,10,NONE,PENDING,,User optics_1790013272@quantum-sensors.com registered with requested role Vendor. Awaiting Admin verification.,,2026-09-21 17:54:32.053875,PENDING,,
11,1,Admin User,Administrator,ADMIN_USER_APPROVED,User,10,PENDING,APPROVED,,Admin admin@vendor-iq.com approved user optics_1790013272@quantum-sensors.com with role Vendor,,2026-09-21 17:54:32.105407,PENDING,,
12,2,Sarah Jenkins,Procurement Manager,PR_CREATED,PurchaseRequisition,6,NONE,SUBMITTED,,"Procurement Manager Sarah Jenkins created PR PR-2026-0006 for department 'Manufacturing & Production': High-Grade Industrial Fasteners (Qty: 100.0, Budget: $12,000.00)",,2026-09-21 17:54:32.172179,PENDING,,
13,2,Sarah Jenkins,Procurement Manager,VENDOR_SELECTED,VendorSelection,4,SUBMITTED,VENDOR_SELECTED,,"Procurement Manager Sarah Jenkins selected Acme Industrial Supplies (V-001) for PR-2026-0006 with quote $11,500.00. Justification: Selected based on 99.2% reliability score, competitive quotation, and certified quality standard.",,2026-09-21 17:54:32.203057,PENDING,,
14,11,Advanced Optics Rep,Vendor,USER_REGISTER_PENDING,User,11,NONE,PENDING,,User optics_1790013297@quantum-sensors.com registered with requested role Vendor. Awaiting Admin verification.,,2026-09-21 17:54:57.772409,PENDING,,
15,1,Admin User,Administrator,ADMIN_USER_APPROVED,User,11,PENDING,APPROVED,,Admin admin@vendor-iq.com approved user optics_1790013297@quantum-sensors.com with role Vendor,,2026-09-21 17:54:57.820782,PENDING,,
16,2,Sarah Jenkins,Procurement Manager,PR_CREATED,PurchaseRequisition,7,NONE,SUBMITTED,,"Procurement Manager Sarah Jenkins created PR PR-2026-0007 for department 'Manufacturing & Production': High-Grade Industrial Fasteners (Qty: 100.0, Budget: $12,000.00)",,2026-09-21 17:54:57.887896,PENDING,,
17,2,Sarah Jenkins,Procurement Manager,VENDOR_SELECTED,VendorSelection,5,SUBMITTED,VENDOR_SELECTED,,"Procurement Manager Sarah Jenkins selected Acme Industrial Supplies (V-001) for PR-2026-0007 with quote $11,500.00. Justification: Selected based on 99.2% reliability score, competitive quotation, and certified quality standard.",,2026-09-21 17:54:57.923037,PENDING,,
18,3,Elena Rostova,Finance Officer,FINANCE_APPROVED,FinancialApproval,2,VENDOR_SELECTED,READY_FOR_PO,,"Finance Officer Elena Rostova approved budget of $11,500.00 for PR-2026-0007 (Vendor: Acme Industrial Supplies). Ready for PO creation.",,2026-09-21 17:54:57.961667,PENDING,,
19,4,Marcus Vance,Supply Chain Manager,PO_CREATED_DRAFT,PurchaseOrder,6,READY_FOR_PO,Draft,,"User Marcus Vance created PO-2026-0006 for vendor Acme Industrial Supplies totaling $11,500.00 (Status: Draft).",,2026-09-21 17:54:58.006487,PENDING,,
20,12,Advanced Optics Rep,Vendor,USER_REGISTER_PENDING,User,12,NONE,PENDING,,User optics_1790013345@quantum-sensors.com registered with requested role Vendor. Awaiting Admin verification.,,2026-09-21 17:55:45.619100,PENDING,,
21,1,Admin User,Administrator,ADMIN_USER_APPROVED,User,12,PENDING,APPROVED,,Admin admin@vendor-iq.com approved user optics_1790013345@quantum-sensors.com with role Vendor,,2026-09-21 17:55:45.671737,PENDING,,
22,2,Sarah Jenkins,Procurement Manager,PR_CREATED,PurchaseRequisition,8,NONE,SUBMITTED,,"Procurement Manager Sarah Jenkins created PR PR-2026-0008 for department 'Manufacturing & Production': High-Grade Industrial Fasteners (Qty: 100.0, Budget: $12,000.00)",,2026-09-21 17:55:45.733551,PENDING,,
23,2,Sarah Jenkins,Procurement Manager,VENDOR_SELECTED,VendorSelection,6,SUBMITTED,VENDOR_SELECTED,,"Procurement Manager Sarah Jenkins selected Acme Industrial Supplies (V-001) for PR-2026-0008 with quote $11,500.00. Justification: Selected based on 99.2% reliability score, competitive quotation, and certified quality standard.",,2026-09-21 17:55:45.760855,PENDING,,
24,3,Elena Rostova,Finance Officer,FINANCE_APPROVED,FinancialApproval,3,VENDOR_SELECTED,READY_FOR_PO,,"Finance Officer Elena Rostova approved budget of $11,500.00 for PR-2026-0008 (Vendor: Acme Industrial Supplies). Ready for PO creation.",,2026-09-21 17:55:45.798659,PENDING,,
25,4,Marcus Vance,Supply Chain Manager,PO_CREATED_DRAFT,PurchaseOrder,7,READY_FOR_PO,Draft,,"User Marcus Vance created PO-2026-0007 for vendor Acme Industrial Supplies totaling $11,500.00 (Status: Draft).",,2026-09-21 17:55:45.836223,PENDING,,
26,4,Marcus Vance,Supply Chain Manager,PO_ISSUED,PurchaseOrder,7,Draft,Issued,,Supply Chain Manager Marcus Vance issued PO PO-2026-0007 to Acme Industrial Supplies.,,2026-09-21 17:55:45.855289,PENDING,,
27,13,Advanced Optics Rep,Vendor,USER_REGISTER_PENDING,User,13,NONE,PENDING,,User optics_1790013377@quantum-sensors.com registered with requested role Vendor. Awaiting Admin verification.,,2026-09-21 17:56:17.092830,PENDING,,
28,1,Admin User,Administrator,ADMIN_USER_APPROVED,User,13,PENDING,APPROVED,,Admin admin@vendor-iq.com approved user optics_1790013377@quantum-sensors.com with role Vendor,,2026-09-21 17:56:17.153468,PENDING,,
29,2,Sarah Jenkins,Procurement Manager,PR_CREATED,PurchaseRequisition,9,NONE,SUBMITTED,,"Procurement Manager Sarah Jenkins created PR PR-2026-0009 for department 'Manufacturing & Production': High-Grade Industrial Fasteners (Qty: 100.0, Budget: $12,000.00)",,2026-09-21 17:56:17.223432,PENDING,,
30,2,Sarah Jenkins,Procurement Manager,VENDOR_SELECTED,VendorSelection,7,SUBMITTED,VENDOR_SELECTED,,"Procurement Manager Sarah Jenkins selected Acme Industrial Supplies (V-001) for PR-2026-0009 with quote $11,500.00. Justification: Selected based on 99.2% reliability score, competitive quotation, and certified quality standard.",,2026-09-21 17:56:17.256555,PENDING,,
31,3,Elena Rostova,Finance Officer,FINANCE_APPROVED,FinancialApproval,4,VENDOR_SELECTED,READY_FOR_PO,,"Finance Officer Elena Rostova approved budget of $11,500.00 for PR-2026-0009 (Vendor: Acme Industrial Supplies). Ready for PO creation.",,2026-09-21 17:56:17.292406,PENDING,,
32,4,Marcus Vance,Supply Chain Manager,PO_CREATED_DRAFT,PurchaseOrder,8,READY_FOR_PO,Draft,,"User Marcus Vance created PO-2026-0008 for vendor Acme Industrial Supplies totaling $11,500.00 (Status: Draft).",,2026-09-21 17:56:17.328041,PENDING,,
33,4,Marcus Vance,Supply Chain Manager,PO_ISSUED,PurchaseOrder,8,Draft,Issued,,Supply Chain Manager Marcus Vance issued PO PO-2026-0008 to Acme Industrial Supplies.,,2026-09-21 17:56:17.345687,PENDING,,
34,5,Acme Industrial Rep,Vendor,PO_ACCEPTED_BY_VENDOR,PurchaseOrder,8,Issued,Accepted,,Vendor representative Acme Industrial Rep (Acme Industrial Supplies) accepted PO PO-2026-0008.,,2026-09-21 17:56:17.368707,PENDING,,
35,14,Advanced Optics Rep,Vendor,USER_REGISTER_PENDING,User,14,NONE,PENDING,,User optics_1790013423@quantum-sensors.com registered with requested role Vendor. Awaiting Admin verification.,,2026-09-21 17:57:03.904970,PENDING,,
36,1,Admin User,Administrator,ADMIN_USER_APPROVED,User,14,PENDING,APPROVED,,Admin admin@vendor-iq.com approved user optics_1790013423@quantum-sensors.com with role Vendor,,2026-09-21 17:57:03.958453,PENDING,,
37,2,Sarah Jenkins,Procurement Manager,PR_CREATED,PurchaseRequisition,10,NONE,SUBMITTED,,"Procurement Manager Sarah Jenkins created PR PR-2026-0010 for department 'Manufacturing & Production': High-Grade Industrial Fasteners (Qty: 100.0, Budget: $12,000.00)",,2026-09-21 17:57:04.026300,PENDING,,
38,2,Sarah Jenkins,Procurement Manager,VENDOR_SELECTED,VendorSelection,8,SUBMITTED,VENDOR_SELECTED,,"Procurement Manager Sarah Jenkins selected Acme Industrial Supplies (V-001) for PR-2026-0010 with quote $11,500.00. Justification: Selected based on 99.2% reliability score, competitive quotation, and certified quality standard.",,2026-09-21 17:57:04.059468,PENDING,,
39,3,Elena Rostova,Finance Officer,FINANCE_APPROVED,FinancialApproval,5,VENDOR_SELECTED,READY_FOR_PO,,"Finance Officer Elena Rostova approved budget of $11,500.00 for PR-2026-0010 (Vendor: Acme Industrial Supplies). Ready for PO creation.",,2026-09-21 17:57:04.094356,PENDING,,
40,4,Marcus Vance,Supply Chain Manager,PO_CREATED_DRAFT,PurchaseOrder,9,READY_FOR_PO,Draft,,"User Marcus Vance created PO-2026-0009 for vendor Acme Industrial Supplies totaling $11,500.00 (Status: Draft).",,2026-09-21 17:57:04.140844,PENDING,,
41,4,Marcus Vance,Supply Chain Manager,PO_ISSUED,PurchaseOrder,9,Draft,Issued,,Supply Chain Manager Marcus Vance issued PO PO-2026-0009 to Acme Industrial Supplies.,,2026-09-21 17:57:04.158367,PENDING,,
42,5,Acme Industrial Rep,Vendor,PO_ACCEPTED_BY_VENDOR,PurchaseOrder,9,Issued,Accepted,,Vendor representative Acme Industrial Rep (Acme Industrial Supplies) accepted PO PO-2026-0009.,,2026-09-21 17:57:04.189272,PENDING,,
43,4,Marcus Vance,Supply Chain Manager,DELIVERY_RECORDED,Delivery,4,In Transit,Delivered,,"Supply Chain Manager Marcus Vance recorded delivery for PO PO-2026-0009: Ordered 100.0, Delivered 100.0, Delay days: 0, Status: Delivered.",,2026-09-21 17:57:04.246390,PENDING,,
44,4,Marcus Vance,Supply Chain Manager,DELIVERY_CONFIRMED_COMPLETED,Delivery,4,Delivered,Completed,,Supply Chain Manager Marcus Vance confirmed completion of delivery for PO PO-2026-0009. Notification dispatched to Finance Officer for 3-way match and payment.,,2026-09-21 17:57:04.303434,PENDING,,
45,3,Elena Rostova,Finance Officer,INVOICE_3WAY_MATCH_VERIFIED,Invoice,4,INVOICE_RECEIVED,VERIFIED,,Finance Officer Elena Rostova verified 3-way match for invoice INV-2026-0004 against PO PO-2026-0009 and delivery.,,2026-09-21 17:57:04.338118,PENDING,,
46,3,Elena Rostova,Finance Officer,PAYMENT_PROCESSED_COMPLETED,Payment,2,VERIFIED,PAID,,"Finance Officer Elena Rostova processed payment of $11,500.00 via Wire Transfer (Ref: WT-2026-99120) for PO PO-2026-0009. Transaction completed.",,2026-09-21 17:57:04.369039,PENDING,,
47,15,Advanced Optics Rep,Vendor,USER_REGISTER_PENDING,User,15,NONE,PENDING,,User optics_1790013936@quantum-sensors.com registered with requested role Vendor. Awaiting Admin verification.,,2026-09-21 18:05:36.485492,PENDING,,
48,1,Admin User,Administrator,ADMIN_USER_APPROVED,User,15,PENDING,APPROVED,,Admin admin@vendor-iq.com approved user optics_1790013936@quantum-sensors.com with role Vendor,,2026-09-21 18:05:36.537631,PENDING,,
49,2,Sarah Jenkins,Procurement Manager,PR_CREATED,PurchaseRequisition,11,NONE,SUBMITTED,,"Procurement Manager Sarah Jenkins created PR PR-2026-0011 for department 'Manufacturing & Production': High-Grade Industrial Fasteners (Qty: 100.0, Budget: $12,000.00)",,2026-09-21 18:05:36.603498,PENDING,,
50,2,Sarah Jenkins,Procurement Manager,VENDOR_SELECTED,VendorSelection,9,SUBMITTED,VENDOR_SELECTED,,"Procurement Manager Sarah Jenkins selected Acme Industrial Supplies (V-001) for PR-2026-0011 with quote $11,500.00. Justification: Selected based on 99.2% reliability score, competitive quotation, and certified quality standard.",,2026-09-21 18:05:36.642461,PENDING,,
51,3,Elena Rostova,Finance Officer,FINANCE_APPROVED,FinancialApproval,6,VENDOR_SELECTED,READY_FOR_PO,,"Finance Officer Elena Rostova approved budget of $11,500.00 for PR-2026-0011 (Vendor: Acme Industrial Supplies). Ready for PO creation.",,2026-09-21 18:05:36.678653,PENDING,,
52,4,Marcus Vance,Supply Chain Manager,PO_CREATED_DRAFT,PurchaseOrder,10,READY_FOR_PO,Draft,,"User Marcus Vance created PO-2026-0010 for vendor Acme Industrial Supplies totaling $11,500.00 (Status: Draft).",,2026-09-21 18:05:36.720942,PENDING,,
53,4,Marcus Vance,Supply Chain Manager,PO_ISSUED,PurchaseOrder,10,Draft,Issued,,Supply Chain Manager Marcus Vance issued PO PO-2026-0010 to Acme Industrial Supplies.,,2026-09-21 18:05:36.738931,PENDING,,
54,5,Acme Industrial Rep,Vendor,PO_ACCEPTED_BY_VENDOR,PurchaseOrder,10,Issued,Accepted,,Vendor representative Acme Industrial Rep (Acme Industrial Supplies) accepted PO PO-2026-0010.,,2026-09-21 18:05:36.762380,PENDING,,
55,4,Marcus Vance,Supply Chain Manager,DELIVERY_RECORDED,Delivery,5,In Transit,Delivered,,"Supply Chain Manager Marcus Vance recorded delivery for PO PO-2026-0010: Ordered 100.0, Delivered 100.0, Delay days: 0, Status: Delivered.",,2026-09-21 18:05:36.805116,PENDING,,
56,4,Marcus Vance,Supply Chain Manager,DELIVERY_CONFIRMED_COMPLETED,Delivery,5,Delivered,Completed,,Supply Chain Manager Marcus Vance confirmed completion of delivery for PO PO-2026-0010. Notification dispatched to Finance Officer for 3-way match and payment.,,2026-09-21 18:05:36.835213,PENDING,,
57,3,Elena Rostova,Finance Officer,INVOICE_3WAY_MATCH_VERIFIED,Invoice,5,INVOICE_RECEIVED,VERIFIED,,Finance Officer Elena Rostova verified 3-way match for invoice INV-2026-0005 against PO PO-2026-0010 and delivery.,,2026-09-21 18:05:36.873406,PENDING,,
58,3,Elena Rostova,Finance Officer,PAYMENT_PROCESSED_COMPLETED,Payment,3,VERIFIED,PAID,,"Finance Officer Elena Rostova processed payment of $11,500.00 via Wire Transfer (Ref: WT-DEBUG-001) for PO PO-2026-0010. Transaction completed.",,2026-09-21 18:06:26.756101,PENDING,,
59,16,Advanced Optics Rep,Vendor,USER_REGISTER_PENDING,User,16,NONE,PENDING,,User optics_1790014005@quantum-sensors.com registered with requested role Vendor. Awaiting Admin verification.,,2026-09-21 18:06:45.246745,PENDING,,
60,1,Admin User,Administrator,ADMIN_USER_APPROVED,User,16,PENDING,APPROVED,,Admin admin@vendor-iq.com approved user optics_1790014005@quantum-sensors.com with role Vendor,,2026-09-21 18:06:45.289674,PENDING,,
61,2,Sarah Jenkins,Procurement Manager,PR_CREATED,PurchaseRequisition,12,NONE,SUBMITTED,,"Procurement Manager Sarah Jenkins created PR PR-2026-0012 for department 'Manufacturing & Production': High-Grade Industrial Fasteners (Qty: 100.0, Budget: $12,000.00)",,2026-09-21 18:06:45.349418,PENDING,,
62,2,Sarah Jenkins,Procurement Manager,VENDOR_SELECTED,VendorSelection,10,SUBMITTED,VENDOR_SELECTED,,"Procurement Manager Sarah Jenkins selected Acme Industrial Supplies (V-001) for PR-2026-0012 with quote $11,500.00. Justification: Selected based on 99.2% reliability score, competitive quotation, and certified quality standard.",,2026-09-21 18:06:45.384585,PENDING,,
63,3,Elena Rostova,Finance Officer,FINANCE_APPROVED,FinancialApproval,7,VENDOR_SELECTED,READY_FOR_PO,,"Finance Officer Elena Rostova approved budget of $11,500.00 for PR-2026-0012 (Vendor: Acme Industrial Supplies). Ready for PO creation.",,2026-09-21 18:06:45.416244,PENDING,,
64,4,Marcus Vance,Supply Chain Manager,PO_CREATED_DRAFT,PurchaseOrder,11,READY_FOR_PO,Draft,,"User Marcus Vance created PO-2026-0011 for vendor Acme Industrial Supplies totaling $11,500.00 (Status: Draft).",,2026-09-21 18:06:45.451198,PENDING,,
65,4,Marcus Vance,Supply Chain Manager,PO_ISSUED,PurchaseOrder,11,Draft,Issued,,Supply Chain Manager Marcus Vance issued PO PO-2026-0011 to Acme Industrial Supplies.,,2026-09-21 18:06:45.468701,PENDING,,
66,5,Acme Industrial Rep,Vendor,PO_ACCEPTED_BY_VENDOR,PurchaseOrder,11,Issued,Accepted,,Vendor representative Acme Industrial Rep (Acme Industrial Supplies) accepted PO PO-2026-0011.,,2026-09-21 18:06:45.488947,PENDING,,
67,4,Marcus Vance,Supply Chain Manager,DELIVERY_RECORDED,Delivery,6,In Transit,Delivered,,"Supply Chain Manager Marcus Vance recorded delivery for PO PO-2026-0011: Ordered 100.0, Delivered 100.0, Delay days: 0, Status: Delivered.",,2026-09-21 18:06:45.525272,PENDING,,
68,4,Marcus Vance,Supply Chain Manager,DELIVERY_CONFIRMED_COMPLETED,Delivery,6,Delivered,Completed,,Supply Chain Manager Marcus Vance confirmed completion of delivery for PO PO-2026-0011. Notification dispatched to Finance Officer for 3-way match and payment.,,2026-09-21 18:06:45.552386,PENDING,,
69,3,Elena Rostova,Finance Officer,INVOICE_3WAY_MATCH_VERIFIED,Invoice,6,INVOICE_RECEIVED,VERIFIED,,Finance Officer Elena Rostova verified 3-way match for invoice INV-2026-0006 against PO PO-2026-0011 and delivery.,,2026-09-21 18:06:45.587924,PENDING,,
70,3,Elena Rostova,Finance Officer,PAYMENT_PROCESSED_COMPLETED,Payment,4,VERIFIED,PAID,,"Finance Officer Elena Rostova processed payment of $11,500.00 via Wire Transfer (Ref: WT-1790014005) for PO PO-2026-0011. Transaction completed.",,2026-09-21 18:06:45.621055,PENDING,,
71,17,Manikanta,Vendor,USER_REGISTER_PENDING,User,17,NONE,PENDING,,User manikanta@gmail.com registered with requested role Vendor. Awaiting Admin verification.,,2026-09-22 11:26:38.252927,PENDING,,
72,1,Admin User,Administrator,ADMIN_USER_APPROVED,User,17,PENDING,APPROVED,,Admin admin@vendor-iq.com approved user manikanta@gmail.com with role Vendor,,2026-09-22 11:27:34.522223,PENDING,,
73,2,Sarah Jenkins,Procurement Manager,PR_CREATED,PurchaseRequisition,13,NONE,SUBMITTED,,"Procurement Manager Sarah Jenkins created PR PR-2026-0013 for department 'Information Technology': Annual AC Maintenance (Qty: 5.0, Budget: $15,000.00)",,2026-09-22 11:30:54.274798,PENDING,,
74,2,Sarah Jenkins,Procurement Manager,PR_CREATED,PurchaseRequisition,14,NONE,SUBMITTED,,"Procurement Manager Sarah Jenkins created PR PR-2026-0014 for department 'Procurement': srews for the computers (Qty: 10.0, Budget: $13.00)",,2026-09-22 12:02:12.237538,PENDING,,
75,2,Sarah Jenkins,Procurement Manager,VENDOR_SELECTED,VendorSelection,11,SUBMITTED,VENDOR_SELECTED,,"Procurement Manager Sarah Jenkins selected ABC Technologies (IT & Electronics, Reliability: 97.6/100, Risk: Low) for PR-001 with quotation $2,450,000.00. Justification: Selected ABC Technologies based on 94/100 reliability score, 96% on-time delivery rate, and OEM certified warranty.",,2026-09-22 12:14:44.811922,PENDING,,
76,2,Sarah Jenkins,Procurement Manager,PR_CREATED,PurchaseRequisition,18,NONE,SUBMITTED,,"Procurement Manager Sarah Jenkins created PR PR-2026-0018 for department 'Information Technology': Laptop (Qty: 50.0, Budget: $2,500,000.00)",,2026-09-22 12:15:35.767680,PENDING,,
77,2,Sarah Jenkins,Procurement Manager,PR_CREATED,PurchaseRequisition,19,NONE,SUBMITTED,,"Procurement Manager Sarah Jenkins created PR PR-2026-0019 for department 'Information Technology': Laptop (Qty: 50.0, Budget: $2,500,000.00)",,2026-09-22 12:16:05.039601,PENDING,,
78,2,Sarah Jenkins,Procurement Manager,VENDOR_SELECTED,VendorSelection,12,SUBMITTED,VENDOR_SELECTED,,"Procurement Manager Sarah Jenkins selected ABC Technologies (IT & Electronics, Reliability: 97.6/100, Risk: Low) for PR-2026-0019 with quotation $2,450,000.00. Justification: ABC Technologies selected based on highest reliability score (97.6/100), 95.8% on-time delivery rate, and certified OEM warranty standard.",,2026-09-22 12:16:05.196265,PENDING,,
79,2,Sarah Jenkins,Procurement Manager,PR_CREATED,PurchaseRequisition,20,NONE,SUBMITTED,,"Procurement Manager Sarah Jenkins created PR PR-2026-0020 for department 'Information Technology': Laptop (Qty: 50.0, Budget: $2,500,000.00)",,2026-09-22 12:16:20.558285,PENDING,,
80,2,Sarah Jenkins,Procurement Manager,VENDOR_SELECTED,VendorSelection,13,SUBMITTED,VENDOR_SELECTED,,"Procurement Manager Sarah Jenkins selected ABC Technologies (IT & Electronics, Reliability: 97.6/100, Risk: Low) for PR-2026-0020 with quotation $2,450,000.00. Justification: ABC Technologies selected based on highest reliability score (97.6/100), 95.8% on-time delivery rate, and certified OEM warranty standard.",,2026-09-22 12:16:20.715346,PENDING,,
81,18,Approve Candidate,Requesting User,USER_REGISTER_PENDING,User,18,NONE,PENDING,,User user.approve.1790079391771@vendor-iq.com registered with requested role Requesting User. Awaiting Admin verification.,,2026-09-22 12:16:31.788845,PENDING,,
82,19,Reject Candidate,Procurement Manager,USER_REGISTER_PENDING,User,19,NONE,PENDING,,User user.reject.1790079391771@vendor-iq.com registered with requested role Procurement Manager. Awaiting Admin verification.,,2026-09-22 12:16:31.801421,PENDING,,
83,1,Admin User,Administrator,ADMIN_USER_REJECTED,User,19,PENDING,REJECTED,Unverified organizational affiliation and invalid corporate email.,Admin rejected user user.reject.1790079391771@vendor-iq.com. Reason: Unverified organizational affiliation and invalid corporate email.,,2026-09-22 12:16:31.840013,PENDING,,
84,1,Admin User,Administrator,ADMIN_USER_APPROVED,User,18,PENDING,APPROVED,,Admin admin@vendor-iq.com approved user user.approve.1790079391771@vendor-iq.com with role Requesting User,,2026-09-22 12:16:31.860324,PENDING,,
85,1,Admin User,Administrator,ADMIN_USER_DELETED,User,18,,,,Admin admin@vendor-iq.com deleted user Approve Candidate (user.approve.1790079391771@vendor-iq.com),,2026-09-22 12:16:32.109081,PENDING,,
86,1,Admin User,Administrator,ADMIN_USER_DELETED,User,19,,,,Admin admin@vendor-iq.com deleted user Reject Candidate (user.reject.1790079391771@vendor-iq.com),,2026-09-22 12:16:32.120991,PENDING,,
87,2,Sarah Jenkins,Procurement Manager,PR_CREATED,PurchaseRequisition,21,NONE,SUBMITTED,,"Procurement Manager Sarah Jenkins created PR PR-2026-0021 for department 'Information Technology': Laptop (Qty: 50.0, Budget: $2,500,000.00)",,2026-09-22 12:30:14.855842,PENDING,,
88,2,Sarah Jenkins,Procurement Manager,VENDOR_SELECTED,VendorSelection,14,SUBMITTED,VENDOR_SELECTED,,"Procurement Manager Sarah Jenkins selected ABC Technologies (IT & Electronics, Reliability: 97.6/100, Risk: Low) for PR-2026-0021 with quotation $2,450,000.00. Justification: ABC Technologies selected based on highest reliability score (97.6/100), 95.8% on-time delivery rate, and certified OEM warranty standard.",,2026-09-22 12:30:15.012787,PENDING,,
89,18,Approve Candidate,Requesting User,USER_REGISTER_PENDING,User,18,NONE,PENDING,,User user.approve.1790080227487@vendor-iq.com registered with requested role Requesting User. Awaiting Admin verification.,,2026-09-22 12:30:27.503209,PENDING,,
90,19,Reject Candidate,Procurement Manager,USER_REGISTER_PENDING,User,19,NONE,PENDING,,User user.reject.1790080227487@vendor-iq.com registered with requested role Procurement Manager. Awaiting Admin verification.,,2026-09-22 12:30:27.515904,PENDING,,
91,1,Admin User,Administrator,ADMIN_USER_REJECTED,User,19,PENDING,REJECTED,Unverified organizational affiliation and invalid corporate email.,Admin rejected user user.reject.1790080227487@vendor-iq.com. Reason: Unverified organizational affiliation and invalid corporate email.,,2026-09-22 12:30:27.558884,PENDING,,
92,1,Admin User,Administrator,ADMIN_USER_APPROVED,User,18,PENDING,APPROVED,,Admin admin@vendor-iq.com approved user user.approve.1790080227487@vendor-iq.com with role Requesting User,,2026-09-22 12:30:27.580021,PENDING,,
93,1,Admin User,Administrator,ADMIN_USER_DELETED,User,18,,,,Admin admin@vendor-iq.com deleted user Approve Candidate (user.approve.1790080227487@vendor-iq.com),,2026-09-22 12:30:27.789092,PENDING,,
94,1,Admin User,Administrator,ADMIN_USER_DELETED,User,19,,,,Admin admin@vendor-iq.com deleted user Reject Candidate (user.reject.1790080227487@vendor-iq.com),,2026-09-22 12:30:27.801493,PENDING,,
95,2,Sarah Jenkins,Procurement Manager,PR_CREATED,PurchaseRequisition,22,NONE,SUBMITTED,,"Procurement Manager Sarah Jenkins created PR PR-2026-0022 for department 'Information Technology': Laptop (Qty: 50.0, Budget: $2,500,000.00)",,2026-09-22 13:40:17.134611,PENDING,,
96,2,Sarah Jenkins,Procurement Manager,VENDOR_SELECTED,VendorSelection,15,SUBMITTED,VENDOR_SELECTED,,"Procurement Manager Sarah Jenkins selected ABC Technologies (IT & Electronics, Reliability: 97.6/100, Risk: Low) for PR-2026-0022 with quotation $2,450,000.00. Justification: ABC Technologies selected based on highest reliability score (97.6/100), 95.8% on-time delivery rate, and certified OEM warranty standard.",,2026-09-22 13:40:17.351280,PENDING,,
97,18,Approve Candidate,Requesting User,USER_REGISTER_PENDING,User,18,NONE,PENDING,,User user.approve.1790084428475@vendor-iq.com registered with requested role Requesting User. Awaiting Admin verification.,,2026-09-22 13:40:28.499917,PENDING,,
98,19,Reject Candidate,Procurement Manager,USER_REGISTER_PENDING,User,19,NONE,PENDING,,User user.reject.1790084428475@vendor-iq.com registered with requested role Procurement Manager. Awaiting Admin verification.,,2026-09-22 13:40:28.517842,PENDING,,
99,1,Admin User,Administrator,ADMIN_USER_REJECTED,User,19,PENDING,REJECTED,Unverified organizational affiliation and invalid corporate email.,Admin rejected user user.reject.1790084428475@vendor-iq.com. Reason: Unverified organizational affiliation and invalid corporate email.,,2026-09-22 13:40:28.574014,PENDING,,
100,1,Admin User,Administrator,ADMIN_USER_APPROVED,User,18,PENDING,APPROVED,,Admin admin@vendor-iq.com approved user user.approve.1790084428475@vendor-iq.com with role Requesting User,,2026-09-22 13:40:28.602141,PENDING,,
101,1,Admin User,Administrator,ADMIN_USER_DELETED,User,18,,,,Admin admin@vendor-iq.com deleted user Approve Candidate (user.approve.1790084428475@vendor-iq.com),,2026-09-22 13:40:28.907574,PENDING,,
102,1,Admin User,Administrator,ADMIN_USER_DELETED,User,19,,,,Admin admin@vendor-iq.com deleted user Reject Candidate (user.reject.1790084428475@vendor-iq.com),,2026-09-22 13:40:28.926742,PENDING,,
103,18,yashwanth,Vendor,USER_REGISTER_PENDING,User,18,NONE,PENDING,,User yashwanth@gmail.com registered with requested role Vendor. Awaiting Admin verification.,,2026-09-22 13:43:20.455086,PENDING,,
104,1,Admin User,Administrator,ADMIN_USER_APPROVED,User,18,PENDING,APPROVED,,Admin admin@vendor-iq.com approved user yashwanth@gmail.com with role Vendor,,2026-09-22 13:44:15.478596,PENDING,,
105,2,Sarah Jenkins,Procurement Manager,PR_CREATED,PurchaseRequisition,23,NONE,SUBMITTED,,"Procurement Manager Sarah Jenkins created PR PR-2026-0023 for department 'Information Technology': Laptop (Qty: 50.0, Budget: $2,500,000.00)",,2026-09-22 13:45:20.269398,PENDING,,
106,2,Sarah Jenkins,Procurement Manager,PR_CREATED,PurchaseRequisition,24,NONE,SUBMITTED,,"Procurement Manager Sarah Jenkins created PR PR-2026-0024 for department 'Information Technology': Laptop (Qty: 50.0, Budget: $2,500,000.00)",,2026-09-22 13:57:49.114189,PENDING,,
107,2,Sarah Jenkins,Procurement Manager,VENDOR_SELECTED,VendorSelection,16,SUBMITTED,VENDOR_SELECTED,,"Procurement Manager Sarah Jenkins selected ABC Technologies (IT & Electronics, Reliability: 97.6/100, Risk: Low) for PR-2026-0024 with quotation $2,450,000.00. Justification: ABC Technologies selected based on highest reliability score (97.6/100), 95.8% on-time delivery rate, and certified OEM warranty standard.",,2026-09-22 13:57:49.409251,PENDING,,
108,2,Sarah Jenkins,Procurement Manager,PR_CREATED,PurchaseRequisition,25,NONE,SUBMITTED,,"Procurement Manager Sarah Jenkins created PR PR-2026-0025 for department 'Information Technology': Laptop (Qty: 50.0, Budget: $2,500,000.00)",,2026-09-22 13:58:03.345710,PENDING,,
109,2,Sarah Jenkins,Procurement Manager,VENDOR_SELECTED,VendorSelection,17,SUBMITTED,VENDOR_SELECTED,,"Procurement Manager Sarah Jenkins selected yashwanth (IT & Electronics, Reliability: 89.25/100, Risk: Medium) for PR-2026-0025 with quotation $2,400,000.00. Justification: Verified IT vendor with competitive pricing and verified stock.",,2026-09-22 13:58:03.500211,PENDING,,
110,2,Sarah Jenkins,Procurement Manager,PR_CREATED,PurchaseRequisition,26,NONE,SUBMITTED,,"Procurement Manager Sarah Jenkins created PR PR-2026-0026 for department 'Information Technology': Laptop (Qty: 50.0, Budget: $2,500,000.00)",,2026-09-22 13:58:44.529706,PENDING,,
111,2,Sarah Jenkins,Procurement Manager,VENDOR_SELECTED,VendorSelection,18,SUBMITTED,VENDOR_SELECTED,,"Procurement Manager Sarah Jenkins selected yashwanth (IT & Electronics, Reliability: 89.25/100, Risk: Medium) for PR-2026-0026 with quotation $2,450,000.00. Justification: Selected yashwanth for 50 laptops in IT & Electronics category.",,2026-09-22 13:58:44.697421,PENDING,,
112,2,Sarah Jenkins,Procurement Manager,PR_CREATED,PurchaseRequisition,27,NONE,SUBMITTED,,"Procurement Manager Sarah Jenkins created PR PR-2026-0027 for department 'Information Technology': Laptop (Qty: 50.0, Budget: $2,500,000.00)",,2026-09-22 13:59:16.963754,PENDING,,
113,2,Sarah Jenkins,Procurement Manager,VENDOR_SELECTED,VendorSelection,19,SUBMITTED,VENDOR_SELECTED,,"Procurement Manager Sarah Jenkins selected ABC Technologies (IT & Electronics, Reliability: 97.6/100, Risk: Low) for PR-2026-0027 with quotation $2,450,000.00. Justification: ABC Technologies selected based on highest reliability score (97.6/100), 95.8% on-time delivery rate, and certified OEM warranty standard.",,2026-09-22 13:59:17.237262,PENDING,,
114,2,Sarah Jenkins,Procurement Manager,VENDOR_SELECTED,VendorSelection,20,SUBMITTED,VENDOR_SELECTED,,"Procurement Manager Sarah Jenkins selected yashwanth (IT & Electronics, Reliability: 89.25/100, Risk: Medium) for PR-2026-0023 with quotation $2,500,000.00. Justification: Selected yashwanth (yashwanth) based on verified category match 'IT & Electronics', Reliability Score 89.25/100, On-Time Delivery Rate 85%, and Medium operational risk rating for requirement PR-2026-0023.",,2026-09-22 13:59:23.061972,PENDING,,
115,3,Elena Rostova,Finance Officer,FINANCE_APPROVED,FinancialApproval,8,VENDOR_SELECTED,READY_FOR_PO,,"Finance Officer Elena Rostova approved budget of $2,500,000.00 for PR-2026-0023 (Vendor: yashwanth). Ready for PO creation.",,2026-09-22 14:01:02.641196,PENDING,,
116,4,Marcus Vance,Supply Chain Manager,PO_CREATED_DRAFT,PurchaseOrder,135,READY_FOR_PO,Draft,,"User Marcus Vance created PO-2026-0135 for vendor yashwanth totaling $2,500,000.00 (Status: Draft).",,2026-09-22 14:02:52.645704,PENDING,,
117,6,Arthur Pendelton,Auditor,AUDIT_REVIEW_STATUS_UPDATED,ProcurementRequest,26,,Cleared,,Auditor Arthur Pendelton set review status to 'Cleared' on ProcurementRequest #26.,,2026-09-22 14:32:55.479365,PENDING,,
118,3,Elena Rostova,Finance Officer,FINANCE_APPROVED,FinancialApproval,9,VENDOR_SELECTED,READY_FOR_PO,,"Finance Officer Elena Rostova approved budget of $2,450,000.00 for PR-2026-0026 (Vendor: yashwanth). Ready for PO creation.",,2026-09-22 14:33:50.315001,PENDING,,
119,3,Elena Rostova,Finance Officer,FINANCE_APPROVED,FinancialApproval,10,VENDOR_SELECTED,READY_FOR_PO,,"Finance Officer Elena Rostova approved budget of $2,400,000.00 for PR-2026-0025 (Vendor: yashwanth). Ready for PO creation.",,2026-09-22 14:34:08.086343,PENDING,,
120,4,Marcus Vance,Supply Chain Manager,PO_CREATED_DRAFT,PurchaseOrder,136,READY_FOR_PO,Draft,,"User Marcus Vance created PO-2026-0136 for vendor yashwanth totaling $2,450,000.00 (Status: Draft).",,2026-09-22 14:34:43.873028,PENDING,,
121,18,yashwanth,Vendor,PO_ACCEPTED_BY_VENDOR,PurchaseOrder,136,Issued,Accepted,,Vendor representative yashwanth (yashwanth) accepted PO PO-2026-0136.,,2026-09-22 14:35:21.496541,PENDING,,
122,18,yashwanth,Vendor,PO_DISPATCHED_IN_TRANSIT,PurchaseOrder,136,Accepted,In Transit,,Vendor yashwanth dispatched PO PO-2026-0136 via DHL Express Freight (Tracking: DHL-7758690).,,2026-09-22 14:36:00.693573,PENDING,,
123,4,Marcus Vance,Supply Chain Manager,DELIVERY_RECORDED,Delivery,130,In Transit,Delivered,,"Supply Chain Manager Marcus Vance recorded delivery for PO PO-2026-0136: Ordered 100.0, Delivered 100.0, Delay days: 0, Status: Delivered.",,2026-09-22 14:36:57.909212,PENDING,,
124,3,Elena Rostova,Finance Officer,INVOICE_3WAY_MATCH_VERIFIED,Invoice,130,INVOICE_RECEIVED,VERIFIED,,Finance Officer Elena Rostova verified 3-way match for invoice INV-2026-0130 against PO PO-2026-0136 and delivery.,,2026-09-22 14:38:28.900353,PENDING,,
125,3,Elena Rostova,Finance Officer,INVOICE_3WAY_MATCH_VERIFIED,Invoice,130,INVOICE_RECEIVED,VERIFIED,,Finance Officer Elena Rostova verified 3-way match for invoice INV-2026-0130 against PO PO-2026-0136 and delivery.,,2026-09-22 14:38:31.292183,PENDING,,
126,3,Elena Rostova,Finance Officer,PAYMENT_PROCESSED_COMPLETED,Payment,5,VERIFIED,PAID,,"Finance Officer Elena Rostova processed payment of $2,450,000.00 via Electronic Funds Transfer (Ref: EFT-TX-915975) for PO PO-2026-0136. Transaction completed.",,2026-09-22 14:38:37.948104,PENDING,,
127,6,Arthur Pendelton,Auditor,AUDIT_REVIEW_STATUS_UPDATED,ProcurementRequest,26,Cleared,Cleared,,Auditor Arthur Pendelton set review status to 'Cleared' on ProcurementRequest #26.,,2026-09-22 14:39:09.274378,PENDING,,
128,2,Sarah Jenkins,Procurement Manager,PR_CREATED,PurchaseRequisition,31,NONE,SUBMITTED,,"Procurement Manager Sarah Jenkins created PR PR-2026-0031 for department 'Information Technology': Laptop (Qty: 50.0, Budget: $2,500,000.00)",,2026-09-22 16:06:45.082452,PENDING,,
129,2,Sarah Jenkins,Procurement Manager,VENDOR_SELECTED,VendorSelection,24,SUBMITTED,VENDOR_SELECTED,,"Procurement Manager Sarah Jenkins selected ABC Technologies (IT & Electronics, Reliability: 97.6/100, Risk: Low) for PR-2026-0031 with quotation $2,450,000.00. Justification: ABC Technologies selected based on highest reliability score (97.6/100), 95.8% on-time delivery rate, and certified OEM warranty standard.",,2026-09-22 16:06:45.264795,PENDING,,
130,2,Sarah Jenkins,Procurement Manager,VENDOR_SELECTED,VendorSelection,25,SUBMITTED,VENDOR_SELECTED,,"Procurement Manager Sarah Jenkins selected Manikanta (Service Providers, Reliability: 89.25/100, Risk: Medium) for PR-2026-0013 with quotation $15,000.00. Justification: Selected Manikanta (Manikanta) based on verified category match 'Services & Maintenance', Reliability Score 89.25/100, On-Time Delivery Rate 85%, and Medium operational risk rating for requirement PR-2026-0013.",,2026-09-22 16:06:51.969155,PENDING,,
131,19,Approve Candidate,Requesting User,USER_REGISTER_PENDING,User,19,NONE,PENDING,,User user.approve.1790093220505@vendor-iq.com registered with requested role Requesting User. Awaiting Admin verification.,,2026-09-22 16:07:00.522148,PENDING,,
132,20,Reject Candidate,Procurement Manager,USER_REGISTER_PENDING,User,20,NONE,PENDING,,User user.reject.1790093220505@vendor-iq.com registered with requested role Procurement Manager. Awaiting Admin verification.,,2026-09-22 16:07:00.534463,PENDING,,
133,1,Admin User,Administrator,ADMIN_USER_REJECTED,User,20,PENDING,REJECTED,Unverified organizational affiliation and invalid corporate email.,Admin rejected user user.reject.1790093220505@vendor-iq.com. Reason: Unverified organizational affiliation and invalid corporate email.,,2026-09-22 16:07:00.587808,PENDING,,
134,1,Admin User,Administrator,ADMIN_USER_APPROVED,User,19,PENDING,APPROVED,,Admin admin@vendor-iq.com approved user user.approve.1790093220505@vendor-iq.com with role Requesting User,,2026-09-22 16:07:00.608383,PENDING,,
135,1,Admin User,Administrator,ADMIN_USER_DELETED,User,19,,,,Admin admin@vendor-iq.com deleted user Approve Candidate (user.approve.1790093220505@vendor-iq.com),,2026-09-22 16:07:00.879904,PENDING,,
136,1,Admin User,Administrator,ADMIN_USER_DELETED,User,20,,,,Admin admin@vendor-iq.com deleted user Reject Candidate (user.reject.1790093220505@vendor-iq.com),,2026-09-22 16:07:00.892234,PENDING,,
137,3,Elena Rostova,Finance Officer,FINANCE_APPROVED,FinancialApproval,13,VENDOR_SELECTED,READY_FOR_PO,,"Finance Officer Elena Rostova approved budget of $15,000.00 for PR-2026-0013 (Vendor: Manikanta). Ready for PO creation.",,2026-09-22 16:09:00.913574,PENDING,,
138,4,Marcus Vance,Supply Chain Manager,PO_CREATED_DRAFT,PurchaseOrder,139,READY_FOR_PO,Draft,,"User Marcus Vance created PO-2026-0139 for vendor Manikanta totaling $15,000.00 (Status: Draft).",,2026-09-22 16:09:33.167590,PENDING,,
139,2,Sarah Jenkins,Procurement Manager,VENDOR_SELECTED,VendorSelection,26,SUBMITTED,VENDOR_SELECTED,,"Procurement Manager Sarah Jenkins selected yashwanth (IT & Electronics, Reliability: 96.0/100, Risk: Low) for PR-2026-0018 with quotation $2,500,000.00. Justification: Selected yashwanth (yashwanth) based on verified category match 'IT & Electronics', Reliability Score 96/100, On-Time Delivery Rate 100%, and Low operational risk rating for requirement PR-2026-0018.",,2026-09-22 17:33:39.925252,PENDING,,
140,3,Elena Rostova,Finance Officer,FINANCE_APPROVED,FinancialApproval,14,VENDOR_SELECTED,READY_FOR_PO,,"Finance Officer Elena Rostova approved budget of $250,000.00 for PR-2026-0018 (Vendor: yashwanth). Ready for PO creation.",,2026-09-22 17:35:16.688063,PENDING,,
141,4,Marcus Vance,Supply Chain Manager,PO_CREATED_DRAFT,PurchaseOrder,140,READY_FOR_PO,Draft,,"User Marcus Vance created PO-2026-0140 for vendor yashwanth totaling $2,500,000.00 (Status: Draft).",,2026-09-22 17:36:19.835572,PENDING,,
142,18,yashwanth,Vendor,PO_ACCEPTED_BY_VENDOR,PurchaseOrder,140,Issued,Accepted,,Vendor representative yashwanth (yashwanth) accepted PO PO-2026-0140.,,2026-09-22 17:37:06.459851,PENDING,,
143,4,Marcus Vance,Supply Chain Manager,DELIVERY_CONFIRMED_COMPLETED,Delivery,130,Delivered,Completed,,Supply Chain Manager Marcus Vance confirmed completion of delivery for PO PO-2026-0136. Notification dispatched to Finance Officer for 3-way match and payment.,,2026-09-22 17:38:10.892319,PENDING,,
144,4,Marcus Vance,Supply Chain Manager,DELIVERY_CONFIRMED_COMPLETED,Delivery,130,Delivered,Completed,,Supply Chain Manager Marcus Vance confirmed completion of delivery for PO PO-2026-0136. Notification dispatched to Finance Officer for 3-way match and payment.,,2026-09-22 17:38:12.932969,PENDING,,
145,6,Arthur Pendelton,Auditor,AUDIT_REVIEW_STATUS_UPDATED,ProcurementRequest,18,,Cleared,,Auditor Arthur Pendelton set review status to 'Cleared' on ProcurementRequest #18.,,2026-09-22 17:48:15.922814,PENDING,,
146,4,Marcus Vance,Supply Chain Manager,DELIVERY_CONFIRMED_COMPLETED,Delivery,131,Delivered,Completed,,Supply Chain Manager Marcus Vance confirmed completion of delivery for PO PO-TEST-20260922160631. Notification dispatched to Finance Officer for 3-way match and payment.,,2026-09-22 17:50:00.493224,PENDING,,
147,4,Marcus Vance,Supply Chain Manager,DELIVERY_CONFIRMED_COMPLETED,Delivery,131,Delivered,Completed,,Supply Chain Manager Marcus Vance confirmed completion of delivery for PO PO-TEST-20260922160631. Notification dispatched to Finance Officer for 3-way match and payment.,,2026-09-22 17:50:04.256151,PENDING,,
148,2,Sarah Jenkins,Procurement Manager,PR_CREATED,PurchaseRequisition,32,NONE,SUBMITTED,,"Procurement Manager Sarah Jenkins created PR PR-2026-0032 for department 'Information Technology': laptop service (Qty: 50.0, Budget: $2,500.00)",,2026-09-22 18:04:22.351516,PENDING,,
149,2,Sarah Jenkins,Procurement Manager,VENDOR_SELECTED,VendorSelection,27,SUBMITTED,VENDOR_SELECTED,,"Procurement Manager Sarah Jenkins selected Manikanta (Service Providers, Reliability: 89.25/100, Risk: Medium) for PR-2026-0032 with quotation $2,500.00. Justification: Selected Manikanta (Manikanta) based on verified category match 'Services & Maintenance', Reliability Score 89.25/100, On-Time Delivery Rate 85%, and Medium operational risk rating for requirement PR-2026-0032.",,2026-09-22 18:04:51.290580,PENDING,,
150,3,Elena Rostova,Finance Officer,FINANCE_APPROVED,FinancialApproval,15,VENDOR_SELECTED,READY_FOR_PO,,"Finance Officer Elena Rostova approved budget of $2,500.00 for PR-2026-0032 (Vendor: Manikanta). Ready for PO creation.",,2026-09-22 18:05:19.355166,PENDING,,
151,4,Marcus Vance,Supply Chain Manager,PO_CREATED_DRAFT,PurchaseOrder,141,READY_FOR_PO,Draft,,"User Marcus Vance created PO-2026-0141 for vendor Manikanta totaling $2,500.00 (Status: Draft).",,2026-09-22 18:05:44.423243,PENDING,,
152,1,Administrator,Administrator,CORRECTION_STATUS_RESTORED,ProcurementRequest,18,Completed,Ordered,,Restored PR-2026-0018 and PO-2026-0140 from premature Completed status back to Ordered/Accepted as delivery is pending from vendor yashwanth.,,2026-09-22T18:10:26.577098,PENDING,,
153,4,Marcus Vance,Supply Chain Manager,DELIVERY_RECORDED,Delivery,132,In Transit,Delivered,,"Supply Chain Manager Marcus Vance recorded delivery for PO PO-2026-0140: Ordered 100.0, Delivered 100.0, Delay days: 0, Status: Delivered.",,2026-09-22 18:13:57.862870,PENDING,,
154,3,Elena Rostova,Finance Officer,INVOICE_3WAY_MATCH_VERIFIED,Invoice,132,INVOICE_RECEIVED,VERIFIED,,Finance Officer Elena Rostova verified 3-way match for invoice INV-2026-0132 against PO PO-2026-0140 and delivery.,,2026-09-22 18:14:29.412290,PENDING,,
155,3,Elena Rostova,Finance Officer,INVOICE_3WAY_MATCH_VERIFIED,Invoice,132,INVOICE_RECEIVED,VERIFIED,,Finance Officer Elena Rostova verified 3-way match for invoice INV-2026-0132 against PO PO-2026-0140 and delivery.,,2026-09-22 18:14:30.810483,PENDING,,
156,3,Elena Rostova,Finance Officer,PAYMENT_PROCESSED_COMPLETED,Payment,6,VERIFIED,PAID,,"Finance Officer Elena Rostova processed payment of $2,500,000.00 via Electronic Funds Transfer (Ref: EFT-TX-872665) for PO PO-2026-0140. Transaction completed.",,2026-09-22 18:14:36.479994,PENDING,,
157,6,Arthur Pendelton,Auditor,AUDIT_REVIEW_STATUS_UPDATED,ProcurementRequest,18,,Cleared,,Auditor Arthur Pendelton set review status to 'Cleared' on ProcurementRequest #18.,,2026-09-22 18:15:27.427109,PENDING,,
158,2,Sarah Jenkins,Procurement Manager,PR_CREATED,PurchaseRequisition,33,NONE,SUBMITTED,,"Procurement Manager Sarah Jenkins created PR PR-2026-0033 for department 'Procurement Operations': PHONES (Qty: 31.0, Budget: $49,977.00)",,2026-09-22 18:16:25.142252,PENDING,,
159,2,Sarah Jenkins,Procurement Manager,VENDOR_SELECTED,VendorSelection,28,SUBMITTED,VENDOR_SELECTED,,"Procurement Manager Sarah Jenkins selected yashwanth (IT & Electronics, Reliability: 96.0/100, Risk: Low) for PR-2026-0033 with quotation $49,977.00. Justification: Selected yashwanth (yashwanth) based on verified category match 'IT & Electronics', Reliability Score 96/100, On-Time Delivery Rate 100%, and Low operational risk rating for requirement PR-2026-0033.",,2026-09-22 18:17:04.482563,PENDING,,
160,3,Elena Rostova,Finance Officer,FINANCE_APPROVED,FinancialApproval,16,VENDOR_SELECTED,READY_FOR_PO,,"Finance Officer Elena Rostova approved budget of $49,977.00 for PR-2026-0033 (Vendor: yashwanth). Ready for PO creation.",,2026-09-22 18:17:20.146307,PENDING,,
161,4,Marcus Vance,Supply Chain Manager,PO_CREATED_DRAFT,PurchaseOrder,142,READY_FOR_PO,Draft,,"User Marcus Vance created PO-2026-0142 for vendor yashwanth totaling $49,977.00 (Status: Draft).",,2026-09-22 18:17:37.977360,PENDING,,
162,4,Marcus Vance,Supply Chain Manager,PO_ISSUED,PurchaseOrder,142,Draft,Issued,,Supply Chain Manager Marcus Vance issued PO PO-2026-0142 to yashwanth.,,2026-09-22 18:17:51.288541,PENDING,,
163,4,Marcus Vance,Supply Chain Manager,DELIVERY_RECORDED,Delivery,133,In Transit,Delayed,,"Supply Chain Manager Marcus Vance recorded delivery for PO PO-2026-0142: Ordered 100.0, Delivered 100.0, Delay days: 1, Status: Delayed.",,2026-09-22 18:18:46.814883,PENDING,,
164,4,Marcus Vance,Supply Chain Manager,DELIVERY_CONFIRMED_COMPLETED,Delivery,133,Delivered,Completed,,Supply Chain Manager Marcus Vance confirmed completion of delivery for PO PO-2026-0142. Notification dispatched to Finance Officer for 3-way match and payment.,,2026-09-22 18:19:42.707939,PENDING,,
165,4,Marcus Vance,Supply Chain Manager,DELIVERY_CONFIRMED_COMPLETED,Delivery,133,Delivered,Completed,,Supply Chain Manager Marcus Vance confirmed completion of delivery for PO PO-2026-0142. Notification dispatched to Finance Officer for 3-way match and payment.,,2026-09-22 18:19:47.445331,PENDING,,
166,3,Elena Rostova,Finance Officer,INVOICE_3WAY_MATCH_VERIFIED,Invoice,133,INVOICE_RECEIVED,VERIFIED,,Finance Officer Elena Rostova verified 3-way match for invoice INV-2026-0133 against PO PO-2026-0142 and delivery.,,2026-09-22 18:20:18.217846,PENDING,,
167,3,Elena Rostova,Finance Officer,INVOICE_3WAY_MATCH_VERIFIED,Invoice,133,INVOICE_RECEIVED,VERIFIED,,Finance Officer Elena Rostova verified 3-way match for invoice INV-2026-0133 against PO PO-2026-0142 and delivery.,,2026-09-22 18:20:19.932866,PENDING,,
168,2,Sarah Jenkins,Procurement Manager,PR_CREATED,PurchaseRequisition,34,NONE,SUBMITTED,,"Procurement Manager Sarah Jenkins created PR PR-2026-0034 for department 'Information Technology': Laptop (Qty: 50.0, Budget: $2,500,000.00)",,2026-09-23 12:00:39.145974,PENDING,,
169,2,Sarah Jenkins,Procurement Manager,VENDOR_SELECTED,VendorSelection,29,SUBMITTED,VENDOR_SELECTED,,"Procurement Manager Sarah Jenkins selected ABC Technologies (IT & Electronics, Reliability: 97.6/100, Risk: Low) for PR-2026-0034 with quotation $2,450,000.00. Justification: ABC Technologies selected based on highest reliability score (97.6/100), 95.8% on-time delivery rate, and certified OEM warranty standard.",,2026-09-23 12:00:39.295806,PENDING,,
170,19,Approve Candidate,Requesting User,USER_REGISTER_PENDING,User,19,NONE,PENDING,,User user.approve.1790164849186@vendor-iq.com registered with requested role Requesting User. Awaiting Admin verification.,,2026-09-23 12:00:49.197630,PENDING,,
171,20,Reject Candidate,Procurement Manager,USER_REGISTER_PENDING,User,20,NONE,PENDING,,User user.reject.1790164849186@vendor-iq.com registered with requested role Procurement Manager. Awaiting Admin verification.,,2026-09-23 12:00:49.205455,PENDING,,
172,1,Admin User,Administrator,ADMIN_USER_REJECTED,User,20,PENDING,REJECTED,Unverified organizational affiliation and invalid corporate email.,Admin rejected user user.reject.1790164849186@vendor-iq.com. Reason: Unverified organizational affiliation and invalid corporate email.,,2026-09-23 12:00:49.241135,PENDING,,
173,1,Admin User,Administrator,ADMIN_USER_APPROVED,User,19,PENDING,APPROVED,,Admin admin@vendor-iq.com approved user user.approve.1790164849186@vendor-iq.com with role Requesting User,,2026-09-23 12:00:49.254386,PENDING,,
174,1,Admin User,Administrator,ADMIN_USER_DELETED,User,19,,,,Admin admin@vendor-iq.com deleted user Approve Candidate (user.approve.1790164849186@vendor-iq.com),,2026-09-23 12:00:49.406156,PENDING,,
175,1,Admin User,Administrator,ADMIN_USER_DELETED,User,20,,,,Admin admin@vendor-iq.com deleted user Reject Candidate (user.reject.1790164849186@vendor-iq.com),,2026-09-23 12:00:49.414052,PENDING,,
176,2,Sarah Jenkins,Procurement Manager,PR_CREATED,PurchaseRequisition,36,NONE,SUBMITTED,,"Procurement Manager Sarah Jenkins created PR PR-2026-0036 for department 'Information Technology': Laptop (Qty: 50.0, Budget: $2,500,000.00)",,2026-09-23 12:24:20.645253,PENDING,,
177,2,Sarah Jenkins,Procurement Manager,VENDOR_SELECTED,VendorSelection,31,SUBMITTED,VENDOR_SELECTED,,"Procurement Manager Sarah Jenkins selected ABC Technologies (IT & Electronics) for PR-2026-0036 with quotation $2,450,000.00. Justification: ABC Technologies selected based on highest reliability score (97.6/100), 95.8% on-time delivery rate, and certified OEM warranty standard.",,2026-09-23 12:24:20.787167,PENDING,,
178,2,Sarah Jenkins,Procurement Manager,PR_CREATED,PurchaseRequisition,37,NONE,SUBMITTED,,"Procurement Manager Sarah Jenkins created PR PR-2026-0037 for department 'Procurement': Laptop (Qty: 50.0, Budget: $2,500.00)",,2026-09-23 12:24:24.969064,PENDING,,
179,2,Sarah Jenkins,Procurement Manager,VENDOR_SELECTED,VendorSelection,33,SUBMITTED,VENDOR_SELECTED,,"Procurement Manager Sarah Jenkins selected Manikanta (Service Providers) for PR-2026-0037 with quotation $2,500.00. Justification: Selected Manikanta (Manikanta) based on verified category match 'Services & Maintenance', Reliability Score 89.2/100, On-Time Delivery Rate 85%, and Medium operational risk rating for requirement PR-2026-0037.",,2026-09-23 12:25:00.124573,PENDING,,
180,19,Approve Candidate,Requesting User,USER_REGISTER_PENDING,User,19,NONE,PENDING,,User user.approve.1790166307334@vendor-iq.com registered with requested role Requesting User. Awaiting Admin verification.,,2026-09-23 12:25:07.345647,PENDING,,
181,20,Reject Candidate,Procurement Manager,USER_REGISTER_PENDING,User,20,NONE,PENDING,,User user.reject.1790166307334@vendor-iq.com registered with requested role Procurement Manager. Awaiting Admin verification.,,2026-09-23 12:25:07.374549,PENDING,,
182,1,Admin User,Administrator,ADMIN_USER_REJECTED,User,20,PENDING,REJECTED,Unverified organizational affiliation and invalid corporate email.,Admin rejected user user.reject.1790166307334@vendor-iq.com. Reason: Unverified organizational affiliation and invalid corporate email.,,2026-09-23 12:25:07.419375,PENDING,,
183,1,Admin User,Administrator,ADMIN_USER_APPROVED,User,19,PENDING,APPROVED,,Admin admin@vendor-iq.com approved user user.approve.1790166307334@vendor-iq.com with role Requesting User,,2026-09-23 12:25:07.441779,PENDING,,
184,1,Admin User,Administrator,ADMIN_USER_DELETED,User,19,,,,Admin admin@vendor-iq.com deleted user Approve Candidate (user.approve.1790166307334@vendor-iq.com),,2026-09-23 12:25:07.683183,PENDING,,
185,1,Admin User,Administrator,ADMIN_USER_DELETED,User,20,,,,Admin admin@vendor-iq.com deleted user Reject Candidate (user.reject.1790166307334@vendor-iq.com),,2026-09-23 12:25:07.695826,PENDING,,
186,3,Elena Rostova,Finance Officer,FINANCE_APPROVED,FinancialApproval,19,VENDOR_SELECTED,READY_FOR_PO,,"Finance Officer Elena Rostova approved budget of $2,500.00 for PR-2026-0037 (Vendor: Manikanta). Ready for PO creation.",,2026-09-23 12:25:35.772104,PENDING,,
187,4,Marcus Vance,Supply Chain Manager,PO_CREATED_DRAFT,PurchaseOrder,145,READY_FOR_PO,Draft,,"User Marcus Vance created PO-2026-0145 for vendor Manikanta totaling $2,500.00 (Status: Draft).",,2026-09-23 12:25:59.855176,PENDING,,
188,17,Manikanta,Vendor,PO_DISPATCHED_IN_TRANSIT,PurchaseOrder,145,Accepted,In Transit,,Vendor Manikanta dispatched PO PO-2026-0145 via DHL Express Freight (Tracking: DHL-6443835).,,2026-09-23 12:27:26.315063,PENDING,,
189,4,Marcus Vance,Supply Chain Manager,DELIVERY_RECORDED,Delivery,136,In Transit,Delivered,,"Supply Chain Manager Marcus Vance recorded delivery for PO PO-2026-0145 (Vendor: Manikanta): Ordered 100.0, Delivered 100.0, Delay days: 0, Status: Delivered.",,2026-09-23 12:28:14.037559,PENDING,,
190,4,Marcus Vance,Supply Chain Manager,DELIVERY_CONFIRMED_COMPLETED,Delivery,136,Delivered,Completed,,Supply Chain Manager Marcus Vance confirmed completion of delivery for PO PO-2026-0145 (Vendor: Manikanta). Notification dispatched to Finance Officer for 3-way match and payment.,,2026-09-23 12:28:33.007136,PENDING,,
191,4,Marcus Vance,Supply Chain Manager,DELIVERY_CONFIRMED_COMPLETED,Delivery,136,Delivered,Completed,,Supply Chain Manager Marcus Vance confirmed completion of delivery for PO PO-2026-0145 (Vendor: Manikanta). Notification dispatched to Finance Officer for 3-way match and payment.,,2026-09-23 12:28:35.092887,PENDING,,
192,3,Elena Rostova,Finance Officer,INVOICE_3WAY_MATCH_VERIFIED,Invoice,136,INVOICE_RECEIVED,VERIFIED,,Finance Officer Elena Rostova verified 3-way match for invoice INV-2026-0136 against PO PO-2026-0145 and delivery.,,2026-09-23 12:29:11.541201,PENDING,,
193,3,Elena Rostova,Finance Officer,INVOICE_3WAY_MATCH_VERIFIED,Invoice,136,INVOICE_RECEIVED,VERIFIED,,Finance Officer Elena Rostova verified 3-way match for invoice INV-2026-0136 against PO PO-2026-0145 and delivery.,,2026-09-23 12:29:15.416433,PENDING,,
194,3,Elena Rostova,Finance Officer,PAYMENT_PROCESSED_COMPLETED,Payment,7,VERIFIED,PAID,,"Finance Officer Elena Rostova processed payment of $2,500.00 via Electronic Funds Transfer (Ref: EFT-TX-557203) for PO PO-2026-0145 (Vendor: Manikanta). Transaction completed.",,2026-09-23 12:29:19.648036,PENDING,,
195,6,Arthur Pendelton,Auditor,AUDIT_REVIEW_STATUS_UPDATED,ProcurementRequest,37,,Cleared,,Auditor Arthur Pendelton set review status to 'Cleared' on ProcurementRequest #37.,,2026-09-23 12:30:17.294424,PENDING,,
196,2,Sarah Jenkins,Procurement Manager,PR_CREATED,PurchaseRequisition,39,NONE,SUBMITTED,,"Procurement Manager Sarah Jenkins created PR PR-2026-0039 for department 'Engineering Lab': Precision Calibration Multimeter (Qty: 10.0, Budget: $50,000.00)",,2026-09-23 13:04:33.677976,PENDING,,
197,2,Sarah Jenkins,Procurement Manager,VENDOR_SELECTED,VendorSelection,34,SUBMITTED,VENDOR_SELECTED,,"Procurement Manager Sarah Jenkins selected ABC Technologies (IT & Electronics) for PR-2026-0039 with quotation $48,500.00. Justification: Competitive quotation from verified vendor ABC Technologies.",,2026-09-23 13:04:33.756640,PENDING,,
198,3,Elena Rostova,Finance Officer,FINANCE_APPROVED,FinancialApproval,20,VENDOR_SELECTED,READY_FOR_PO,,"Finance Officer Elena Rostova approved budget of $48,500.00 for PR-2026-0039 (Vendor: ABC Technologies). Ready for PO creation.",,2026-09-23 13:04:33.796479,PENDING,,
199,4,Marcus Vance,Supply Chain Manager,PO_ISSUED,PurchaseOrder,146,READY_FOR_PO,Issued,,"User Marcus Vance created PO-2026-0146 for vendor ABC Technologies totaling $48,500.00 (Status: Issued).",,2026-09-23 13:04:33.867327,PENDING,,
200,19,prabhas,Vendor,USER_REGISTER_PENDING,User,19,NONE,PENDING,,User prabhas@gmail.com registered with requested role Vendor. Awaiting Admin verification.,,2026-09-23 13:08:06.858190,PENDING,,
201,1,Admin User,Administrator,ADMIN_USER_APPROVED,User,19,PENDING,APPROVED,,Admin admin@vendor-iq.com approved user prabhas@gmail.com with role Vendor,,2026-09-23 13:08:25.034288,PENDING,,
202,2,Sarah Jenkins,Procurement Manager,PR_CREATED,PurchaseRequisition,40,NONE,SUBMITTED,,"Procurement Manager Sarah Jenkins created PR PR-2026-0040 for department 'Information Technology': Laptop (Qty: 50.0, Budget: $25,000.00)",,2026-09-23 13:09:02.502364,PENDING,,
203,2,Sarah Jenkins,Procurement Manager,VENDOR_SELECTED,VendorSelection,35,SUBMITTED,VENDOR_SELECTED,,"Procurement Manager Sarah Jenkins selected yashwanth (IT & Electronics) for PR-2026-0040 with quotation $25,000.00. Justification: Selected yashwanth (yashwanth) based on verified category match 'IT & Electronics', Reliability Score 81/100, On-Time Delivery Rate 66.7%, and High operational risk rating for requirement PR-2026-0040.",,2026-09-23 13:09:29.472780,PENDING,,
204,3,Elena Rostova,Finance Officer,FINANCE_APPROVED,FinancialApproval,21,VENDOR_SELECTED,READY_FOR_PO,,"Finance Officer Elena Rostova approved budget of $25,000.00 for PR-2026-0040 (Vendor: yashwanth). Ready for PO creation.",,2026-09-23 13:09:49.477268,PENDING,,
205,4,Marcus Vance,Supply Chain Manager,PO_CREATED_DRAFT,PurchaseOrder,147,READY_FOR_PO,Draft,,"User Marcus Vance created PO-2026-0147 for vendor yashwanth totaling $25,000.00 (Status: Draft).",,2026-09-23 13:10:19.371615,PENDING,,
206,4,Marcus Vance,Supply Chain Manager,DELIVERY_RECORDED,Delivery,137,In Transit,Delivered,,"Supply Chain Manager Marcus Vance recorded delivery for PO PO-2026-0147 (Vendor: yashwanth): Ordered 100.0, Delivered 100.0, Delay days: 0, Status: Delivered.",,2026-09-23 13:11:39.630687,PENDING,,
207,3,Elena Rostova,Finance Officer,INVOICE_3WAY_MATCH_VERIFIED,Invoice,137,INVOICE_RECEIVED,VERIFIED,,Finance Officer Elena Rostova verified 3-way match for invoice INV-2026-0137 against PO PO-2026-0147 and delivery.,,2026-09-23 13:12:15.003036,PENDING,,
208,3,Elena Rostova,Finance Officer,INVOICE_3WAY_MATCH_VERIFIED,Invoice,137,INVOICE_RECEIVED,VERIFIED,,Finance Officer Elena Rostova verified 3-way match for invoice INV-2026-0137 against PO PO-2026-0147 and delivery.,,2026-09-23 13:12:16.691378,PENDING,,
209,3,Elena Rostova,Finance Officer,PAYMENT_PROCESSED_COMPLETED,Payment,8,VERIFIED,PAID,,"Finance Officer Elena Rostova processed payment of $25,000.00 via Electronic Funds Transfer (Ref: EFT-TX-138070) for PO PO-2026-0147 (Vendor: yashwanth). Transaction completed.",,2026-09-23 13:12:21.768361,PENDING,,
210,6,Arthur Pendelton,Auditor,AUDIT_REVIEW_STATUS_UPDATED,ProcurementRequest,40,,Cleared,,Auditor Arthur Pendelton set review status to 'Cleared' on ProcurementRequest #40.,,2026-09-23 13:12:53.465965,PENDING,,
211,2,Sarah Jenkins,Procurement Manager,PR_CREATED,PurchaseRequisition,41,NONE,SUBMITTED,,"Procurement Manager Sarah Jenkins created PR PR-2026-0041 for department 'Procurement': Laptop (Qty: 36.0, Budget: $25,000.00)",,2026-09-25 12:25:45.849998,PENDING,,
212,2,Sarah Jenkins,Procurement Manager,VENDOR_SELECTED,VendorSelection,36,SUBMITTED,VENDOR_SELECTED,,"Procurement Manager Sarah Jenkins selected yashwanth (IT & Electronics) for PR-2026-0041 with quotation $25,000.00. Justification: Selected yashwanth (yashwanth) based on verified category match 'IT & Electronics', Reliability Score 84.8/100, On-Time Delivery Rate 75%, and High operational risk rating for requirement PR-2026-0041.",,2026-09-25 12:26:40.492265,PENDING,,
213,2,Sarah Jenkins,Procurement Manager,PR_CREATED,PurchaseRequisition,42,NONE,SUBMITTED,,"Procurement Manager Sarah Jenkins created PR PR-2026-0042 for department 'Information Technology': Laptop (Qty: 50.0, Budget: $2,500.00)",,2026-09-26 14:27:26.814474,PENDING,,
214,2,Sarah Jenkins,Procurement Manager,VENDOR_SELECTED,VendorSelection,37,SUBMITTED,VENDOR_SELECTED,,"Procurement Manager Sarah Jenkins selected Manikanta (Service Providers) for PR-2026-0042 with quotation $2,500.00. Justification: Selected Manikanta (Manikanta) based on verified category match 'Services & Maintenance', Reliability Score 96/100, On-Time Delivery Rate 100%, and Low operational risk rating for requirement PR-2026-0042.",,2026-09-26 14:37:44.458508,PENDING,,
215,3,Elena Rostova,Finance Officer,FINANCE_APPROVED,FinancialApproval,22,VENDOR_SELECTED,READY_FOR_PO,,"Finance Officer Elena Rostova approved budget of $2,500.00 for PR-2026-0042 (Vendor: Manikanta). Ready for PO creation.",,2026-09-26 14:38:50.541472,PENDING,,
216,4,Marcus Vance,Supply Chain Manager,PO_CREATED_DRAFT,PurchaseOrder,148,READY_FOR_PO,Draft,,"User Marcus Vance created PO-2026-0148 for vendor Manikanta totaling $2,500.00 (Status: Draft).",,2026-09-26 14:39:07.658042,PENDING,,
217,17,Manikanta,Vendor,PO_REJECTED_BY_VENDOR,PurchaseOrder,148,Issued,Rejected,Declined by vendor.,Vendor Manikanta rejected PO PO-2026-0148. Reason: Declined by vendor.,,2026-09-26 14:39:37.296291,PENDING,,
218,2,Sarah Jenkins,Procurement Manager,PR_CREATED,PurchaseRequisition,43,NONE,SUBMITTED,,"Procurement Manager Sarah Jenkins created PR PR-2026-0043 for department 'Engineering Lab': Precision Calibration Multimeter (Qty: 10.0, Budget: $50,000.00)",,2026-09-27 05:04:55.585578,PENDING,,
219,2,Sarah Jenkins,Procurement Manager,VENDOR_SELECTED,VendorSelection,38,SUBMITTED,VENDOR_SELECTED,,"Procurement Manager Sarah Jenkins selected ABC Technologies (IT & Electronics) for PR-2026-0043 with quotation $48,500.00. Justification: Competitive quotation from verified vendor ABC Technologies.",,2026-09-27 05:04:55.630135,PENDING,,
220,3,Elena Rostova,Finance Officer,FINANCE_APPROVED,FinancialApproval,23,VENDOR_SELECTED,READY_FOR_PO,,"Finance Officer Elena Rostova approved budget of $48,500.00 for PR-2026-0043 (Vendor: ABC Technologies). Ready for PO creation.",,2026-09-27 05:04:55.652305,PENDING,,
221,4,Marcus Vance,Supply Chain Manager,PO_ISSUED,PurchaseOrder,149,READY_FOR_PO,Issued,,"User Marcus Vance created PO-2026-0149 for vendor ABC Technologies totaling $48,500.00 (Status: Issued).",,2026-09-27 05:04:55.689000,PENDING,,
222,2,Sarah Jenkins,Procurement Manager,PR_CREATED,PurchaseRequisition,44,NONE,SUBMITTED,,"Procurement Manager Sarah Jenkins created PR PR-2026-0044 for department 'Procurement Operations': phones (Qty: 45.0, Budget: $2,500.00)",,2026-09-27 12:40:28.939329,PENDING,,
223,2,Sarah Jenkins,Procurement Manager,VENDOR_SELECTED,VendorSelection,39,SUBMITTED,VENDOR_SELECTED,,"Procurement Manager Sarah Jenkins selected Apex Facility & IT Maintenance (Services & Maintenance) for PR-2026-0044 with quotation $2,500.00. Justification: Selected Apex Facility & IT Maintenance (Apex Enterprise Services Ltd) based on verified category match 'Services & Maintenance', Reliability Score 96.5/100, On-Time Delivery Rate 94%, and Low operational risk rating for requirement PR-2026-0044.",,2026-09-27 12:43:31.099759,PENDING,,
224,20,Approve Candidate,Requesting User,USER_REGISTER_PENDING,User,20,NONE,PENDING,,User user.approve.1790513883753@vendor-iq.com registered with requested role Requesting User. Awaiting Admin verification.,,2026-09-27 12:58:03.764257,PENDING,,
225,21,Reject Candidate,Procurement Manager,USER_REGISTER_PENDING,User,21,NONE,PENDING,,User user.reject.1790513883753@vendor-iq.com registered with requested role Procurement Manager. Awaiting Admin verification.,,2026-09-27 12:58:03.817611,PENDING,,
226,1,Admin User,Administrator,ADMIN_USER_REJECTED,User,21,PENDING,REJECTED,Unverified organizational affiliation and invalid corporate email.,Admin rejected user user.reject.1790513883753@vendor-iq.com. Reason: Unverified organizational affiliation and invalid corporate email.,,2026-09-27 12:58:03.859072,PENDING,,
227,1,Admin User,Administrator,ADMIN_USER_APPROVED,User,20,PENDING,APPROVED,,Admin admin@vendor-iq.com approved user user.approve.1790513883753@vendor-iq.com with role Requesting User,,2026-09-27 12:58:03.880337,PENDING,,
228,1,Admin User,Administrator,ADMIN_USER_DELETED,User,20,,,,Admin admin@vendor-iq.com deleted user Approve Candidate (user.approve.1790513883753@vendor-iq.com),,2026-09-27 12:58:04.123335,PENDING,,
229,1,Admin User,Administrator,ADMIN_USER_DELETED,User,21,,,,Admin admin@vendor-iq.com deleted user Reject Candidate (user.reject.1790513883753@vendor-iq.com),,2026-09-27 12:58:04.136081,PENDING,,
230,3,Elena Rostova,Finance Officer,FINANCE_APPROVED,FinancialApproval,24,VENDOR_SELECTED,READY_FOR_PO,,"Finance Officer Elena Rostova approved budget of $2,500.00 for PR-2026-0044 (Vendor: Apex Facility & IT Maintenance). Ready for PO creation.",,2026-09-27 12:59:50.141511,PENDING,,
231,4,Marcus Vance,Supply Chain Manager,PO_CREATED_DRAFT,PurchaseOrder,150,READY_FOR_PO,Draft,,"User Marcus Vance created PO-2026-0150 for vendor Apex Facility & IT Maintenance totaling $2,500.00 (Status: Draft).",,2026-09-27 13:00:57.215294,PENDING,,
232,33,Test Engineer,Requesting User,USER_REGISTER_PENDING,User,33,NONE,PENDING,,User test.engineer.1790514388@vendor-iq.com registered with requested role Requesting User. Awaiting Admin verification.,,2026-09-27 13:06:28.743742,PENDING,,
233,1,Admin User,Administrator,ADMIN_USER_APPROVED,User,33,PENDING,APPROVED,,Admin admin@vendor-iq.com approved user test.engineer.1790514388@vendor-iq.com with role Requesting User,,2026-09-27 13:06:28.801139,PENDING,,
234,33,Test Engineer,Requesting User,PR_CREATED,PurchaseRequisition,46,NONE,SUBMITTED,,"Procurement Manager Test Engineer created PR PR-2026-0046 for department 'Information Technology': High-Density Storage Server (Qty: 2.0, Budget: $16,000.00)",,2026-09-27 13:06:28.826130,PENDING,,
235,2,Sarah Jenkins,Procurement Manager,VENDOR_SELECTED,VendorSelection,41,SUBMITTED,VENDOR_SELECTED,,"Procurement Manager Sarah Jenkins selected Apex Semiconductor Tech (IT Vendors) for PR-2026-0001 with quotation $15,400.00. Justification: test",,2026-09-27 13:06:41.734832,PENDING,,
236,20,Department Requester,Requesting User,PR_CREATED,PurchaseRequisition,47,NONE,SUBMITTED,,"Procurement Manager Department Requester created PR PR-2026-0047 for department 'Information Technology': High-Density Storage Server (Qty: 2.0, Budget: $16,000.00)",,2026-09-27 13:06:55.150667,PENDING,,
237,4,Marcus Vance,Supply Chain Manager,PO_ISSUED,PurchaseOrder,150,Draft,Issued,,Supply Chain Manager Marcus Vance issued PO PO-2026-0150 to Apex Facility & IT Maintenance.,,2026-09-27 13:07:26.766405,PENDING,,
238,34,Test Engineer,Requesting User,USER_REGISTER_PENDING,User,34,NONE,PENDING,,User test.engineer.1790514541@vendor-iq.com registered with requested role Requesting User. Awaiting Admin verification.,,2026-09-27 13:09:01.829277,PENDING,,
239,1,Admin User,Administrator,ADMIN_USER_APPROVED,User,34,PENDING,APPROVED,,Admin admin@vendor-iq.com approved user test.engineer.1790514541@vendor-iq.com with role Requesting User,,2026-09-27 13:09:01.869269,PENDING,,
240,34,Test Engineer,Requesting User,PR_CREATED,PurchaseRequisition,48,NONE,SUBMITTED,,"Procurement Manager Test Engineer created PR PR-2026-0048 for department 'Information Technology': High-Density Storage Server (Qty: 2.0, Budget: $16,000.00)",,2026-09-27 13:09:01.909459,PENDING,,
241,2,Sarah Jenkins,Procurement Manager,VENDOR_SELECTED,VendorSelection,42,SUBMITTED,VENDOR_SELECTED,,"Procurement Manager Sarah Jenkins selected Apex Semiconductor Tech (IT Vendors) for PR-2026-0048 with quotation $15,400.00. Justification: Apex Semiconductor complies with enterprise storage hardware specifications.",,2026-09-27 13:09:01.951411,PENDING,,
242,3,Elena Rostova,Finance Officer,FINANCE_APPROVED,FinancialApproval,26,VENDOR_SELECTED,READY_FOR_PO,,"Finance Officer Elena Rostova approved budget of $15,400.00 for PR-2026-0048 (Vendor: Apex Semiconductor Tech). Ready for PO creation.",,2026-09-27 13:09:02.003192,PENDING,,
243,4,Marcus Vance,Supply Chain Manager,PO_CREATED_DRAFT,PurchaseOrder,152,READY_FOR_PO,Draft,,"User Marcus Vance created PO-2026-0152 for vendor Apex Semiconductor Tech totaling $15,400.00 (Status: Draft).",,2026-09-27 13:09:02.058699,PENDING,,
244,4,Marcus Vance,Supply Chain Manager,PO_ISSUED,PurchaseOrder,152,Draft,Issued,,Supply Chain Manager Marcus Vance issued PO PO-2026-0152 to Apex Semiconductor Tech.,,2026-09-27 13:09:02.081492,PENDING,,
245,1,Admin User,Administrator,ADMIN_USER_DELETED,User,34,,,,Admin admin@vendor-iq.com deleted user Test Engineer (test.engineer.1790514541@vendor-iq.com),,2026-09-27 13:09:02.269686,PENDING,,
246,34,Approve Candidate,Requesting User,USER_REGISTER_PENDING,User,34,NONE,PENDING,,User user.approve.1790514553105@vendor-iq.com registered with requested role Requesting User. Awaiting Admin verification.,,2026-09-27 13:09:13.116647,PENDING,,
247,35,Reject Candidate,Procurement Manager,USER_REGISTER_PENDING,User,35,NONE,PENDING,,User user.reject.1790514553105@vendor-iq.com registered with requested role Procurement Manager. Awaiting Admin verification.,,2026-09-27 13:09:13.147152,PENDING,,
248,1,Admin User,Administrator,ADMIN_USER_REJECTED,User,35,PENDING,REJECTED,Unverified organizational affiliation and invalid corporate email.,Admin rejected user user.reject.1790514553105@vendor-iq.com. Reason: Unverified organizational affiliation and invalid corporate email.,,2026-09-27 13:09:13.188162,PENDING,,
249,1,Admin User,Administrator,ADMIN_USER_APPROVED,User,34,PENDING,APPROVED,,Admin admin@vendor-iq.com approved user user.approve.1790514553105@vendor-iq.com with role Requesting User,,2026-09-27 13:09:13.209133,PENDING,,
250,1,Admin User,Administrator,ADMIN_USER_DELETED,User,34,,,,Admin admin@vendor-iq.com deleted user Approve Candidate (user.approve.1790514553105@vendor-iq.com),,2026-09-27 13:09:13.429895,PENDING,,
251,1,Admin User,Administrator,ADMIN_USER_DELETED,User,35,,,,Admin admin@vendor-iq.com deleted user Reject Candidate (user.reject.1790514553105@vendor-iq.com),,2026-09-27 13:09:13.443448,PENDING,,
252,2,Sarah Jenkins,Procurement Manager,PR_CREATED,PurchaseRequisition,50,NONE,SUBMITTED,,"Procurement Manager Sarah Jenkins created PR PR-2026-0050 for department 'Engineering Lab': Precision Calibration Multimeter (Qty: 10.0, Budget: $50,000.00)",,2026-09-27 13:09:35.772454,PENDING,,
253,2,Sarah Jenkins,Procurement Manager,VENDOR_SELECTED,VendorSelection,44,SUBMITTED,VENDOR_SELECTED,,"Procurement Manager Sarah Jenkins selected ABC Technologies (IT & Electronics) for PR-2026-0050 with quotation $48,500.00. Justification: Competitive quotation from verified vendor ABC Technologies.",,2026-09-27 13:09:35.847993,PENDING,,
254,3,Elena Rostova,Finance Officer,FINANCE_APPROVED,FinancialApproval,28,VENDOR_SELECTED,READY_FOR_PO,,"Finance Officer Elena Rostova approved budget of $48,500.00 for PR-2026-0050 (Vendor: ABC Technologies). Ready for PO creation.",,2026-09-27 13:09:35.887594,PENDING,,
255,4,Marcus Vance,Supply Chain Manager,PO_ISSUED,PurchaseOrder,154,READY_FOR_PO,Issued,,"User Marcus Vance created PO-2026-0154 for vendor ABC Technologies totaling $48,500.00 (Status: Issued).",,2026-09-27 13:09:35.958444,PENDING,,
256,2,Sarah Jenkins,Procurement Manager,PR_CREATED,PurchaseRequisition,51,NONE,SUBMITTED,,"Procurement Manager Sarah Jenkins created PR PR-2026-0051 for department 'Engineering Lab': Precision Calibration Multimeter (Qty: 10.0, Budget: $50,000.00)",,2026-09-27 13:12:01.377397,PENDING,,
257,2,Sarah Jenkins,Procurement Manager,VENDOR_SELECTED,VendorSelection,45,SUBMITTED,VENDOR_SELECTED,,"Procurement Manager Sarah Jenkins selected ABC Technologies (IT & Electronics) for PR-2026-0051 with quotation $48,500.00. Justification: Competitive quotation from verified vendor ABC Technologies.",,2026-09-27 13:12:01.454827,PENDING,,
258,3,Elena Rostova,Finance Officer,FINANCE_APPROVED,FinancialApproval,29,VENDOR_SELECTED,READY_FOR_PO,,"Finance Officer Elena Rostova approved budget of $48,500.00 for PR-2026-0051 (Vendor: ABC Technologies). Ready for PO creation.",,2026-09-27 13:12:01.494003,PENDING,,
259,4,Marcus Vance,Supply Chain Manager,PO_ISSUED,PurchaseOrder,155,READY_FOR_PO,Issued,,"User Marcus Vance created PO-2026-0155 for vendor ABC Technologies totaling $48,500.00 (Status: Issued).",,2026-09-27 13:12:01.559729,PENDING,,
260,5,Acme Industrial Rep,Vendor,PO_ACCEPTED_BY_VENDOR,PurchaseOrder,155,Issued,Accepted,,Vendor representative Acme Industrial Rep (ABC Technologies) accepted PO PO-2026-0155.,,2026-09-27 13:12:01.584439,PENDING,,
261,4,Marcus Vance,Supply Chain Manager,DELIVERY_RECORDED,Delivery,140,In Transit,Delivered,,"Supply Chain Manager Marcus Vance recorded delivery for PO PO-2026-0155 (Vendor: ABC Technologies): Ordered 10.0, Delivered 10.0, Delay days: 0, Status: Delivered.",,2026-09-27 13:12:01.636117,PENDING,,
262,3,Elena Rostova,Finance Officer,INVOICE_3WAY_MATCH_VERIFIED,Invoice,140,INVOICE_RECEIVED,VERIFIED,,Finance Officer Elena Rostova verified 3-way match for invoice INV-2026-0140 against PO PO-2026-0155 and delivery.,,2026-09-27 13:12:01.752751,PENDING,,
263,3,Elena Rostova,Finance Officer,PAYMENT_PROCESSED_COMPLETED,Payment,9,VERIFIED,PAID,,"Finance Officer Elena Rostova processed payment of $48,500.00 via Corporate Electronic Transfer (Ref: TXN-BENCH-1790514721) for PO PO-2026-0155 (Vendor: ABC Technologies). Transaction completed.",,2026-09-27 13:12:01.791524,PENDING,,
264,2,Sarah Jenkins,Procurement Manager,PR_CREATED,PurchaseRequisition,52,NONE,SUBMITTED,,"Procurement Manager Sarah Jenkins created PR PR-2026-0052 for department 'Information Technology': Laptop (Qty: 50.0, Budget: $2,500,000.00)",,2026-09-27 13:12:15.586041,PENDING,,
265,2,Sarah Jenkins,Procurement Manager,VENDOR_SELECTED,VendorSelection,46,SUBMITTED,VENDOR_SELECTED,,"Procurement Manager Sarah Jenkins selected ABC Technologies (IT & Electronics) for PR-2026-0052 with quotation $2,450,000.00. Justification: ABC Technologies selected based on highest reliability score (97.6/100), 95.8% on-time delivery rate, and certified OEM warranty standard.",,2026-09-27 13:12:15.705398,PENDING,,
266,34,FastSupply Logistics Rep,Vendor,VENDOR_REGISTERED_WITH_CREDENTIALS,Vendor,26,NONE,APPROVED,,Vendor 'FastSupply Logistics Rep' registered with login email 'fastsupply_1790514839081@globalfreight.com'.,,2026-09-27 13:13:59.164138,PENDING,,
267,35,,,VENDOR_CREATED,Vendor,27,,,,Vendor 'Precision Tech Components' registered with login account 'precision_1790514839081@techparts.io'.,,2026-09-27 13:13:59.211980,PENDING,,
268,36,Direct Quantum Supplier,Vendor,VENDOR_REGISTERED_DIRECT,Vendor,28,NONE,APPROVED,,Vendor directvendor_1790514839081@quantum.com registered with immediate login activation.,,2026-09-27 13:13:59.259392,PENDING,,
269,4,Marcus Vance,Supply Chain Manager,DELIVERY_RECORDED,Delivery,141,In Transit,Delayed,,"Supply Chain Manager Marcus Vance recorded delivery for PO PO-2026-0150 (Vendor: Apex Facility & IT Maintenance): Ordered 100.0, Delivered 100.0, Delay days: 1, Status: Delayed.",,2026-09-27 13:14:29.645718,PENDING,,
270,3,Elena Rostova,Finance Officer,INVOICE_3WAY_MATCH_VERIFIED,Invoice,141,INVOICE_RECEIVED,VERIFIED,,Finance Officer Elena Rostova verified 3-way match for invoice INV-2026-0141 against PO PO-2026-0150 and delivery.,,2026-09-27 13:15:04.904850,PENDING,,
271,3,Elena Rostova,Finance Officer,INVOICE_3WAY_MATCH_VERIFIED,Invoice,141,INVOICE_RECEIVED,VERIFIED,,Finance Officer Elena Rostova verified 3-way match for invoice INV-2026-0141 against PO PO-2026-0150 and delivery.,,2026-09-27 13:15:07.942708,PENDING,,
272,3,Elena Rostova,Finance Officer,PAYMENT_PROCESSED_COMPLETED,Payment,10,VERIFIED,PAID,,"Finance Officer Elena Rostova processed payment of $2,500.00 via Electronic Funds Transfer (Ref: EFT-TX-910910) for PO PO-2026-0150 (Vendor: Apex Facility & IT Maintenance). Transaction completed.",,2026-09-27 13:15:12.818956,PENDING,,
273,6,Arthur Pendelton,Auditor,AUDIT_REVIEW_STATUS_UPDATED,ProcurementRequest,44,,Under Audit,,Auditor Arthur Pendelton set review status to 'Under Audit' on ProcurementRequest #44.,,2026-09-27 13:17:26.420046,PENDING,,
274,6,Arthur Pendelton,Auditor,AUDIT_REVIEW_STATUS_UPDATED,ProcurementRequest,44,Under Audit,Cleared,,Auditor Arthur Pendelton set review status to 'Cleared' on ProcurementRequest #44.,,2026-09-27 13:17:48.120788,PENDING,,
275,6,Arthur Pendelton,Auditor,AUDIT_REVIEW_STATUS_UPDATED,ProcurementRequest,44,Cleared,Cleared,,Auditor Arthur Pendelton set review status to 'Cleared' on ProcurementRequest #44.,,2026-09-27 13:18:05.051643,PENDING,,
276,37,FastSupply Logistics Rep,Vendor,VENDOR_REGISTERED_WITH_CREDENTIALS,Vendor,29,NONE,APPROVED,,Vendor 'FastSupply Logistics Rep' registered with login email 'fastsupply_1790515174809@globalfreight.com'.,,2026-09-27 13:19:34.893968,PENDING,,
277,38,,,VENDOR_CREATED,Vendor,30,,,,Vendor 'Precision Tech Components' registered with login account 'precision_1790515174809@techparts.io'.,,2026-09-27 13:19:34.948476,PENDING,,
278,39,Direct Quantum Supplier,Vendor,VENDOR_REGISTERED_DIRECT,Vendor,31,NONE,APPROVED,,Vendor directvendor_1790515174809@quantum.com registered with immediate login activation.,,2026-09-27 13:19:35.000262,PENDING,,
279,40,Portal Vendor Rep,Vendor,USER_REGISTER_PENDING,User,40,NONE,PENDING,,User portal_vendor_1790515174809@logistics-link.com registered with requested role Vendor. Awaiting Admin verification.,,2026-09-27 13:19:35.040289,PENDING,,
280,41,Approve Candidate,Requesting User,USER_REGISTER_PENDING,User,41,NONE,PENDING,,User user.approve.1790515205740@vendor-iq.com registered with requested role Requesting User. Awaiting Admin verification.,,2026-09-27 13:20:05.750402,PENDING,,
281,42,Reject Candidate,Procurement Manager,USER_REGISTER_PENDING,User,42,NONE,PENDING,,User user.reject.1790515205740@vendor-iq.com registered with requested role Procurement Manager. Awaiting Admin verification.,,2026-09-27 13:20:05.776361,PENDING,,
282,1,Admin User,Administrator,ADMIN_USER_REJECTED,User,42,PENDING,REJECTED,Unverified organizational affiliation and invalid corporate email.,Admin rejected user user.reject.1790515205740@vendor-iq.com. Reason: Unverified organizational affiliation and invalid corporate email.,,2026-09-27 13:20:05.817508,PENDING,,
283,1,Admin User,Administrator,ADMIN_USER_APPROVED,User,41,PENDING,APPROVED,,Admin admin@vendor-iq.com approved user user.approve.1790515205740@vendor-iq.com with role Requesting User,,2026-09-27 13:20:05.837704,PENDING,,
284,1,Admin User,Administrator,ADMIN_USER_DELETED,User,41,,,,Admin admin@vendor-iq.com deleted user Approve Candidate (user.approve.1790515205740@vendor-iq.com),,2026-09-27 13:20:06.063558,PENDING,,
285,1,Admin User,Administrator,ADMIN_USER_DELETED,User,42,,,,Admin admin@vendor-iq.com deleted user Reject Candidate (user.reject.1790515205740@vendor-iq.com),,2026-09-27 13:20:06.075948,PENDING,,
286,41,FastSupply Logistics Rep,Vendor,VENDOR_REGISTERED_WITH_CREDENTIALS,Vendor,33,NONE,APPROVED,,Vendor 'FastSupply Logistics Rep' registered with login email 'fastsupply_1790515329479@globalfreight.com'.,,2026-09-27 13:22:09.567235,PENDING,,
287,42,,,VENDOR_CREATED,Vendor,34,,,,Vendor 'Precision Tech Components' registered with login account 'precision_1790515329479@techparts.io'.,,2026-09-27 13:22:09.622861,PENDING,,
288,43,Direct Quantum Supplier,Vendor,VENDOR_REGISTERED_DIRECT,Vendor,35,NONE,APPROVED,,Vendor directvendor_1790515329479@quantum.com registered with immediate login activation.,,2026-09-27 13:22:09.676987,PENDING,,
289,44,Portal Vendor Rep,Vendor,USER_REGISTER_PENDING,User,44,NONE,PENDING,,User portal_vendor_1790515329479@logistics-link.com registered with requested role Vendor. Awaiting Admin verification.,,2026-09-27 13:22:09.714960,PENDING,,
290,45,Test Engineer,Requesting User,USER_REGISTER_PENDING,User,45,NONE,PENDING,,User test.engineer.1790515351@vendor-iq.com registered with requested role Requesting User. Awaiting Admin verification.,,2026-09-27 13:22:31.164795,PENDING,,
291,1,Admin User,Administrator,ADMIN_USER_APPROVED,User,45,PENDING,APPROVED,,Admin admin@vendor-iq.com approved user test.engineer.1790515351@vendor-iq.com with role Requesting User,,2026-09-27 13:22:31.205791,PENDING,,
292,45,Test Engineer,Requesting User,PR_CREATED,PurchaseRequisition,53,NONE,SUBMITTED,,"Procurement Manager Test Engineer created PR PR-2026-0053 for department 'Information Technology': High-Density Storage Server (Qty: 2.0, Budget: $16,000.00)",,2026-09-27 13:22:31.231299,PENDING,,
293,2,Sarah Jenkins,Procurement Manager,VENDOR_SELECTED,VendorSelection,47,SUBMITTED,VENDOR_SELECTED,,"Procurement Manager Sarah Jenkins selected Apex Semiconductor Tech (IT Vendors) for PR-2026-0053 with quotation $15,400.00. Justification: Apex Semiconductor complies with enterprise storage hardware specifications.",,2026-09-27 13:22:31.269161,PENDING,,
294,3,Elena Rostova,Finance Officer,FINANCE_APPROVED,FinancialApproval,30,VENDOR_SELECTED,READY_FOR_PO,,"Finance Officer Elena Rostova approved budget of $15,400.00 for PR-2026-0053 (Vendor: Apex Semiconductor Tech). Ready for PO creation.",,2026-09-27 13:22:31.320668,PENDING,,
295,4,Marcus Vance,Supply Chain Manager,PO_CREATED_DRAFT,PurchaseOrder,156,READY_FOR_PO,Draft,,"User Marcus Vance created PO-2026-0156 for vendor Apex Semiconductor Tech totaling $15,400.00 (Status: Draft).",,2026-09-27 13:22:31.378162,PENDING,,
296,4,Marcus Vance,Supply Chain Manager,PO_ISSUED,PurchaseOrder,156,Draft,Issued,,Supply Chain Manager Marcus Vance issued PO PO-2026-0156 to Apex Semiconductor Tech.,,2026-09-27 13:22:31.400023,PENDING,,
297,1,Admin User,Administrator,ADMIN_USER_DELETED,User,45,,,,Admin admin@vendor-iq.com deleted user Test Engineer (test.engineer.1790515351@vendor-iq.com),,2026-09-27 13:22:31.617669,PENDING,,
298,2,Sarah Jenkins,Procurement Manager,PR_CREATED,PurchaseRequisition,54,NONE,SUBMITTED,,"Procurement Manager Sarah Jenkins created PR PR-2026-0054 for department 'Engineering Lab': Precision Calibration Multimeter (Qty: 10.0, Budget: $50,000.00)",,2026-09-27 13:22:41.048500,PENDING,,
299,2,Sarah Jenkins,Procurement Manager,VENDOR_SELECTED,VendorSelection,48,SUBMITTED,VENDOR_SELECTED,,"Procurement Manager Sarah Jenkins selected ABC Technologies (IT & Electronics) for PR-2026-0054 with quotation $48,500.00. Justification: Competitive quotation from verified vendor ABC Technologies.",,2026-09-27 13:22:41.127360,PENDING,,
300,3,Elena Rostova,Finance Officer,FINANCE_APPROVED,FinancialApproval,31,VENDOR_SELECTED,READY_FOR_PO,,"Finance Officer Elena Rostova approved budget of $48,500.00 for PR-2026-0054 (Vendor: ABC Technologies). Ready for PO creation.",,2026-09-27 13:22:41.166399,PENDING,,
301,4,Marcus Vance,Supply Chain Manager,PO_ISSUED,PurchaseOrder,157,READY_FOR_PO,Issued,,"User Marcus Vance created PO-2026-0157 for vendor ABC Technologies totaling $48,500.00 (Status: Issued).",,2026-09-27 13:22:41.231830,PENDING,,
302,5,Acme Industrial Rep,Vendor,PO_ACCEPTED_BY_VENDOR,PurchaseOrder,157,Issued,Accepted,,Vendor representative Acme Industrial Rep (ABC Technologies) accepted PO PO-2026-0157.,,2026-09-27 13:22:41.254543,PENDING,,
303,4,Marcus Vance,Supply Chain Manager,DELIVERY_RECORDED,Delivery,142,In Transit,Delivered,,"Supply Chain Manager Marcus Vance recorded delivery for PO PO-2026-0157 (Vendor: ABC Technologies): Ordered 10.0, Delivered 10.0, Delay days: 0, Status: Delivered.",,2026-09-27 13:22:41.295045,PENDING,,
304,3,Elena Rostova,Finance Officer,INVOICE_3WAY_MATCH_VERIFIED,Invoice,142,INVOICE_RECEIVED,VERIFIED,,Finance Officer Elena Rostova verified 3-way match for invoice INV-2026-0142 against PO PO-2026-0157 and delivery.,,2026-09-27 13:22:41.377652,PENDING,,
305,3,Elena Rostova,Finance Officer,PAYMENT_PROCESSED_COMPLETED,Payment,11,VERIFIED,PAID,,"Finance Officer Elena Rostova processed payment of $48,500.00 via Corporate Electronic Transfer (Ref: TXN-BENCH-1790515361) for PO PO-2026-0157 (Vendor: ABC Technologies). Transaction completed.",,2026-09-27 13:22:41.415003,PENDING,,
306,45,FastSupply Logistics Rep,Vendor,VENDOR_REGISTERED_WITH_CREDENTIALS,Vendor,37,NONE,APPROVED,,Vendor 'FastSupply Logistics Rep' registered with login email 'fastsupply_1790515718162@globalfreight.com'.,,2026-09-27 13:28:38.247466,PENDING,,
307,46,,,VENDOR_CREATED,Vendor,38,,,,Vendor 'Precision Tech Components' registered with login account 'precision_1790515718162@techparts.io'.,,2026-09-27 13:28:38.302964,PENDING,,
308,47,Direct Quantum Supplier,Vendor,VENDOR_REGISTERED_DIRECT,Vendor,39,NONE,APPROVED,,Vendor directvendor_1790515718162@quantum.com registered with immediate login activation.,,2026-09-27 13:28:38.354904,PENDING,,
309,48,Portal Vendor Rep,Vendor,USER_REGISTER_PENDING,User,48,NONE,PENDING,,User portal_vendor_1790515718162@logistics-link.com registered with requested role Vendor. Awaiting Admin verification.,,2026-09-27 13:28:38.392882,PENDING,,
310,49,Approve Candidate,Requesting User,USER_REGISTER_PENDING,User,49,NONE,PENDING,,User user.approve.1790515726402@vendor-iq.com registered with requested role Requesting User. Awaiting Admin verification.,,2026-09-27 13:28:46.412353,PENDING,,
311,50,Reject Candidate,Procurement Manager,USER_REGISTER_PENDING,User,50,NONE,PENDING,,User user.reject.1790515726402@vendor-iq.com registered with requested role Procurement Manager. Awaiting Admin verification.,,2026-09-27 13:28:46.439206,PENDING,,
312,1,Admin User,Administrator,ADMIN_USER_REJECTED,User,50,PENDING,REJECTED,Unverified organizational affiliation and invalid corporate email.,Admin rejected user user.reject.1790515726402@vendor-iq.com. Reason: Unverified organizational affiliation and invalid corporate email.,,2026-09-27 13:28:46.479831,PENDING,,
313,1,Admin User,Administrator,ADMIN_USER_APPROVED,User,49,PENDING,APPROVED,,Admin admin@vendor-iq.com approved user user.approve.1790515726402@vendor-iq.com with role Requesting User,,2026-09-27 13:28:46.501163,PENDING,,
314,1,Admin User,Administrator,ADMIN_USER_DELETED,User,49,,,,Admin admin@vendor-iq.com deleted user Approve Candidate (user.approve.1790515726402@vendor-iq.com),,2026-09-27 13:28:46.737076,PENDING,,
315,1,Admin User,Administrator,ADMIN_USER_DELETED,User,50,,,,Admin admin@vendor-iq.com deleted user Reject Candidate (user.reject.1790515726402@vendor-iq.com),,2026-09-27 13:28:46.749931,PENDING,,
316,49,FastSupply Logistics Rep,Vendor,VENDOR_REGISTERED_WITH_CREDENTIALS,Vendor,41,NONE,APPROVED,,Vendor 'FastSupply Logistics Rep' registered with login email 'fastsupply_1790516173324@globalfreight.com'.,,2026-09-27 13:36:13.413315,PENDING,,
317,50,,,VENDOR_CREATED,Vendor,42,,,,Vendor 'Precision Tech Components' registered with login account 'precision_1790516173324@techparts.io'.,,2026-09-27 13:36:13.468983,PENDING,,
318,51,Direct Quantum Supplier,Vendor,VENDOR_REGISTERED_DIRECT,Vendor,43,NONE,APPROVED,,Vendor directvendor_1790516173324@quantum.com registered with immediate login activation.,,2026-09-27 13:36:13.523421,PENDING,,
319,52,Portal Vendor Rep,Vendor,USER_REGISTER_PENDING,User,52,NONE,PENDING,,User portal_vendor_1790516173324@logistics-link.com registered with requested role Vendor. Awaiting Admin verification.,,2026-09-27 13:36:13.563916,PENDING,,
320,53,FastSupply Logistics Rep,Vendor,VENDOR_REGISTERED_WITH_CREDENTIALS,Vendor,45,NONE,APPROVED,,Vendor 'FastSupply Logistics Rep' registered with login email 'fastsupply_1790517026317@globalfreight.com'.,,2026-09-27 13:50:26.408689,PENDING,,
321,54,,,VENDOR_CREATED,Vendor,46,,,,Vendor 'Precision Tech Components' registered with login account 'precision_1790517026317@techparts.io'.,,2026-09-27 13:50:26.459760,PENDING,,
322,55,Direct Quantum Supplier,Vendor,VENDOR_REGISTERED_DIRECT,Vendor,47,NONE,APPROVED,,Vendor directvendor_1790517026317@quantum.com registered with immediate login activation.,,2026-09-27 13:50:26.509840,PENDING,,
323,56,Portal Vendor Rep,Vendor,USER_REGISTER_PENDING,User,56,NONE,PENDING,,User portal_vendor_1790517026317@logistics-link.com registered with requested role Vendor. Awaiting Admin verification.,,2026-09-27 13:50:26.546793,PENDING,,
324,2,Sarah Jenkins,Procurement Manager,PR_CREATED,PurchaseRequisition,55,NONE,SUBMITTED,,"Procurement Manager Sarah Jenkins created PR PR-2026-0055 for department 'Manufacturing & Production': electronic screws (Qty: 56.0, Budget: $250.00)",,2026-09-27 13:53:48.824102,PENDING,,
325,2,Sarah Jenkins,Procurement Manager,PR_CREATED,PurchaseRequisition,56,NONE,SUBMITTED,,"Procurement Manager Sarah Jenkins created PR PR-2026-0056 for department 'Engineering Lab': Precision Calibration Multimeter (Qty: 10.0, Budget: $50,000.00)",,2026-09-27 14:18:11.444549,PENDING,,
326,2,Sarah Jenkins,Procurement Manager,VENDOR_SELECTED,VendorSelection,49,SUBMITTED,VENDOR_SELECTED,,"Procurement Manager Sarah Jenkins selected ABC Technologies (IT & Electronics) for PR-2026-0056 with quotation $48,500.00. Justification: Competitive quotation from verified vendor ABC Technologies.",,2026-09-27 14:18:11.532218,PENDING,,
327,3,Elena Rostova,Finance Officer,FINANCE_APPROVED,FinancialApproval,32,VENDOR_SELECTED,READY_FOR_PO,,"Finance Officer Elena Rostova approved budget of $48,500.00 for PR-2026-0056 (Vendor: ABC Technologies). Ready for PO creation.",,2026-09-27 14:18:11.571484,PENDING,,
328,4,Marcus Vance,Supply Chain Manager,PO_ISSUED,PurchaseOrder,158,READY_FOR_PO,Issued,,"User Marcus Vance created PO-2026-0158 for vendor ABC Technologies totaling $48,500.00 (Status: Issued).",,2026-09-27 14:18:11.637321,PENDING,,
329,2,Sarah Jenkins,Procurement Manager,PR_CREATED,PurchaseRequisition,57,NONE,SUBMITTED,,"Procurement Manager Sarah Jenkins created PR PR-2026-0057 for department 'Engineering Lab': Precision Calibration Multimeter (Qty: 10.0, Budget: $50,000.00)",,2026-09-27 14:19:57.173088,PENDING,,
330,2,Sarah Jenkins,Procurement Manager,VENDOR_SELECTED,VendorSelection,50,SUBMITTED,VENDOR_SELECTED,,"Procurement Manager Sarah Jenkins selected ABC Technologies (IT & Electronics) for PR-2026-0057 with quotation $48,500.00. Justification: Competitive quotation from verified vendor ABC Technologies.",,2026-09-27 14:19:57.257217,PENDING,,
331,3,Elena Rostova,Finance Officer,FINANCE_APPROVED,FinancialApproval,33,VENDOR_SELECTED,READY_FOR_PO,,"Finance Officer Elena Rostova approved budget of $48,500.00 for PR-2026-0057 (Vendor: ABC Technologies). Ready for PO creation.",,2026-09-27 14:19:57.295042,PENDING,,
332,4,Marcus Vance,Supply Chain Manager,PO_ISSUED,PurchaseOrder,159,READY_FOR_PO,Issued,,"User Marcus Vance created PO-2026-0159 for vendor ABC Technologies totaling $48,500.00 (Status: Issued).",,2026-09-27 14:19:57.360937,PENDING,,
333,21,ABC Technologies,Vendor,PO_ACCEPTED_BY_VENDOR,PurchaseOrder,159,Issued,Accepted,,Vendor representative ABC Technologies (ABC Technologies) accepted PO PO-2026-0159.,,2026-09-27 14:19:57.387500,PENDING,,
334,4,Marcus Vance,Supply Chain Manager,DELIVERY_RECORDED,Delivery,143,In Transit,Delivered,,"Supply Chain Manager Marcus Vance recorded delivery for PO PO-2026-0159 (Vendor: ABC Technologies): Ordered 10.0, Delivered 10.0, Delay days: 0, Status: Delivered.",,2026-09-27 14:19:57.427832,PENDING,,
335,3,Elena Rostova,Finance Officer,INVOICE_3WAY_MATCH_VERIFIED,Invoice,143,INVOICE_RECEIVED,VERIFIED,,Finance Officer Elena Rostova verified 3-way match for invoice INV-2026-0143 against PO PO-2026-0159 and delivery.,,2026-09-27 14:19:57.517643,PENDING,,
336,3,Elena Rostova,Finance Officer,PAYMENT_PROCESSED_COMPLETED,Payment,12,VERIFIED,PAID,,"Finance Officer Elena Rostova processed payment of $48,500.00 via Corporate Electronic Transfer (Ref: TXN-BENCH-1790518797) for PO PO-2026-0159 (Vendor: ABC Technologies). Transaction completed.",,2026-09-27 14:19:57.573568,PENDING,,
337,2,Sarah Jenkins,Procurement Manager,PR_CREATED,PurchaseRequisition,58,NONE,SUBMITTED,,"Procurement Manager Sarah Jenkins created PR PR-2026-0058 for department 'Engineering Lab': Precision Calibration Multimeter (Qty: 10.0, Budget: $50,000.00)",,2026-09-28 11:40:32.343772,PENDING,,
338,2,Sarah Jenkins,Procurement Manager,VENDOR_SELECTED,VendorSelection,51,SUBMITTED,VENDOR_SELECTED,,"Procurement Manager Sarah Jenkins selected ABC Technologies (IT & Electronics) for PR-2026-0058 with quotation $48,500.00. Justification: Competitive quotation from verified vendor ABC Technologies.",,2026-09-28 11:40:32.488818,PENDING,,
339,3,Elena Rostova,Finance Officer,FINANCE_APPROVED,FinancialApproval,34,VENDOR_SELECTED,READY_FOR_PO,,"Finance Officer Elena Rostova approved budget of $48,500.00 for PR-2026-0058 (Vendor: ABC Technologies). Ready for PO creation.",,2026-09-28 11:40:32.581744,PENDING,,
340,4,Marcus Vance,Supply Chain Manager,PO_ISSUED,PurchaseOrder,160,READY_FOR_PO,Issued,,"User Marcus Vance created PO-2026-0160 for vendor ABC Technologies totaling $48,500.00 (Status: Issued).",,2026-09-28 11:40:32.678685,PENDING,,
341,21,ABC Technologies,Vendor,PO_ACCEPTED_BY_VENDOR,PurchaseOrder,160,Issued,Accepted,,Vendor representative ABC Technologies (ABC Technologies) accepted PO PO-2026-0160.,,2026-09-28 11:40:32.716007,PENDING,,
342,4,Marcus Vance,Supply Chain Manager,DELIVERY_RECORDED,Delivery,144,In Transit,Delivered,,"Supply Chain Manager Marcus Vance recorded delivery for PO PO-2026-0160 (Vendor: ABC Technologies): Ordered 10.0, Delivered 10.0, Delay days: 0, Status: Delivered.",,2026-09-28 11:40:32.775652,PENDING,,
343,3,Elena Rostova,Finance Officer,INVOICE_3WAY_MATCH_VERIFIED,Invoice,144,INVOICE_RECEIVED,VERIFIED,,Finance Officer Elena Rostova verified 3-way match for invoice INV-2026-0144 against PO PO-2026-0160 and delivery.,,2026-09-28 11:40:32.896197,PENDING,,
344,3,Elena Rostova,Finance Officer,PAYMENT_PROCESSED_COMPLETED,Payment,13,VERIFIED,PAID,,"Finance Officer Elena Rostova processed payment of $48,500.00 via Corporate Electronic Transfer (Ref: TXN-BENCH-1790595632) for PO PO-2026-0160 (Vendor: ABC Technologies). Transaction completed.",,2026-09-28 11:40:32.949086,PENDING,,
345,57,Test Engineer,Requesting User,USER_REGISTER_PENDING,User,57,NONE,PENDING,,User test.engineer.1790595931@vendor-iq.com registered with requested role Requesting User. Awaiting Admin verification.,,2026-09-28 11:45:31.791408,PENDING,,
346,1,Admin User,Administrator,ADMIN_USER_APPROVED,User,57,PENDING,APPROVED,,Admin admin@vendor-iq.com approved user test.engineer.1790595931@vendor-iq.com with role Requesting User,,2026-09-28 11:45:31.851496,PENDING,,
347,57,Test Engineer,Requesting User,PR_CREATED,PurchaseRequisition,59,NONE,SUBMITTED,,"Procurement Manager Test Engineer created PR PR-2026-0059 for department 'Information Technology': High-Density Storage Server (Qty: 2.0, Budget: $16,000.00)",,2026-09-28 11:45:31.888780,PENDING,,
348,2,Sarah Jenkins,Procurement Manager,VENDOR_SELECTED,VendorSelection,52,SUBMITTED,VENDOR_SELECTED,,"Procurement Manager Sarah Jenkins selected Apex Semiconductor Tech (IT Vendors) for PR-2026-0059 with quotation $15,400.00. Justification: Apex Semiconductor complies with enterprise storage hardware specifications.",,2026-09-28 11:45:31.942864,PENDING,,
349,3,Elena Rostova,Finance Officer,FINANCE_APPROVED,FinancialApproval,35,VENDOR_SELECTED,READY_FOR_PO,,"Finance Officer Elena Rostova approved budget of $15,400.00 for PR-2026-0059 (Vendor: Apex Semiconductor Tech). Ready for PO creation.",,2026-09-28 11:45:32.021321,PENDING,,
350,4,Marcus Vance,Supply Chain Manager,PO_CREATED_DRAFT,PurchaseOrder,161,READY_FOR_PO,Draft,,"User Marcus Vance created PO-2026-0161 for vendor Apex Semiconductor Tech totaling $15,400.00 (Status: Draft).",,2026-09-28 11:45:32.105548,PENDING,,
351,4,Marcus Vance,Supply Chain Manager,PO_ISSUED,PurchaseOrder,161,Draft,Issued,,Supply Chain Manager Marcus Vance issued PO PO-2026-0161 to Apex Semiconductor Tech.,,2026-09-28 11:45:32.138474,PENDING,,
352,1,Admin User,Administrator,ADMIN_USER_DELETED,User,57,,,,Admin admin@vendor-iq.com deleted user Test Engineer (test.engineer.1790595931@vendor-iq.com),,2026-09-28 11:45:32.485120,PENDING,,
353,2,Sarah Jenkins,Procurement Manager,PR_CREATED,PurchaseRequisition,60,NONE,SUBMITTED,,"Procurement Manager Sarah Jenkins created PR PR-2026-0060 for department 'Engineering Lab': Precision Calibration Multimeter (Qty: 10.0, Budget: $50,000.00)",,2026-09-28 11:47:08.322949,PENDING,,
354,2,Sarah Jenkins,Procurement Manager,VENDOR_SELECTED,VendorSelection,53,SUBMITTED,VENDOR_SELECTED,,"Procurement Manager Sarah Jenkins selected ABC Technologies (IT & Electronics) for PR-2026-0060 with quotation $48,500.00. Justification: Competitive quotation from verified vendor ABC Technologies.",,2026-09-28 11:47:08.439939,PENDING,,
355,3,Elena Rostova,Finance Officer,FINANCE_APPROVED,FinancialApproval,36,VENDOR_SELECTED,READY_FOR_PO,,"Finance Officer Elena Rostova approved budget of $48,500.00 for PR-2026-0060 (Vendor: ABC Technologies). Ready for PO creation.",,2026-09-28 11:47:08.493847,PENDING,,
356,4,Marcus Vance,Supply Chain Manager,PO_ISSUED,PurchaseOrder,162,READY_FOR_PO,Issued,,"User Marcus Vance created PO-2026-0162 for vendor ABC Technologies totaling $48,500.00 (Status: Issued).",,2026-09-28 11:47:08.591805,PENDING,,
357,21,ABC Technologies,Vendor,PO_ACCEPTED_BY_VENDOR,PurchaseOrder,162,Issued,Accepted,,Vendor representative ABC Technologies (ABC Technologies) accepted PO PO-2026-0162.,,2026-09-28 11:47:08.629063,PENDING,,
358,4,Marcus Vance,Supply Chain Manager,DELIVERY_RECORDED,Delivery,145,In Transit,Delivered,,"Supply Chain Manager Marcus Vance recorded delivery for PO PO-2026-0162 (Vendor: ABC Technologies): Ordered 10.0, Delivered 10.0, Delay days: 0, Status: Delivered.",,2026-09-28 11:47:08.699299,PENDING,,
359,3,Elena Rostova,Finance Officer,INVOICE_3WAY_MATCH_VERIFIED,Invoice,145,INVOICE_RECEIVED,VERIFIED,,Finance Officer Elena Rostova verified 3-way match for invoice INV-2026-0145 against PO PO-2026-0162 and delivery.,,2026-09-28 11:47:08.825868,PENDING,,
360,3,Elena Rostova,Finance Officer,PAYMENT_PROCESSED_COMPLETED,Payment,14,VERIFIED,PAID,,"Finance Officer Elena Rostova processed payment of $48,500.00 via Corporate Electronic Transfer (Ref: TXN-BENCH-1790596028) for PO PO-2026-0162 (Vendor: ABC Technologies). Transaction completed.",,2026-09-28 11:47:08.883035,PENDING,,
361,2,Sarah Jenkins,Procurement Manager,PR_CREATED,PurchaseRequisition,61,NONE,SUBMITTED,,"Procurement Manager Sarah Jenkins created PR PR-2026-0061 for department 'Engineering Lab': Precision Calibration Multimeter (Qty: 10.0, Budget: $50,000.00)",,2026-09-28 11:51:27.915848,PENDING,,
362,2,Sarah Jenkins,Procurement Manager,VENDOR_SELECTED,VendorSelection,54,SUBMITTED,VENDOR_SELECTED,,"Procurement Manager Sarah Jenkins selected ABC Technologies (IT & Electronics) for PR-2026-0061 with quotation $48,500.00. Justification: Competitive quotation from verified vendor ABC Technologies.",,2026-09-28 11:51:28.026193,PENDING,,
363,3,Elena Rostova,Finance Officer,FINANCE_APPROVED,FinancialApproval,37,VENDOR_SELECTED,READY_FOR_PO,,"Finance Officer Elena Rostova approved budget of $48,500.00 for PR-2026-0061 (Vendor: ABC Technologies). Ready for PO creation.",,2026-09-28 11:51:28.079702,PENDING,,
364,4,Marcus Vance,Supply Chain Manager,PO_ISSUED,PurchaseOrder,163,READY_FOR_PO,Issued,,"User Marcus Vance created PO-2026-0163 for vendor ABC Technologies totaling $48,500.00 (Status: Issued).",,2026-09-28 11:51:28.171990,PENDING,,
365,21,ABC Technologies,Vendor,PO_ACCEPTED_BY_VENDOR,PurchaseOrder,163,Issued,Accepted,,Vendor representative ABC Technologies (ABC Technologies) accepted PO PO-2026-0163.,,2026-09-28 11:51:28.233716,PENDING,,
366,4,Marcus Vance,Supply Chain Manager,DELIVERY_RECORDED,Delivery,146,In Transit,Delivered,,"Supply Chain Manager Marcus Vance recorded delivery for PO PO-2026-0163 (Vendor: ABC Technologies): Ordered 10.0, Delivered 10.0, Delay days: 0, Status: Delivered.",,2026-09-28 11:51:28.289794,PENDING,,
367,3,Elena Rostova,Finance Officer,INVOICE_3WAY_MATCH_VERIFIED,Invoice,146,INVOICE_RECEIVED,VERIFIED,,Finance Officer Elena Rostova verified 3-way match for invoice INV-2026-0146 against PO PO-2026-0163 and delivery.,,2026-09-28 11:51:28.413339,PENDING,,
368,3,Elena Rostova,Finance Officer,PAYMENT_PROCESSED_COMPLETED,Payment,15,VERIFIED,PAID,,"Finance Officer Elena Rostova processed payment of $48,500.00 via Corporate Electronic Transfer (Ref: TXN-BENCH-1790596288) for PO PO-2026-0163 (Vendor: ABC Technologies). Transaction completed.",,2026-09-28 11:51:28.469189,PENDING,,
369,3,Elena Rostova,Finance Officer,FINANCE_APPROVED,FinancialApproval,38,VENDOR_SELECTED,READY_FOR_PO,,"Finance Officer Elena Rostova approved budget of $2,450,000.00 for PR-2026-0052 (Vendor: ABC Technologies). Ready for PO creation.",,2026-09-28 12:01:48.851251,PENDING,,
370,57,Ajay,Vendor,USER_REGISTER_PENDING,User,57,NONE,PENDING,,User ajay@gmail.com registered with requested role Vendor. Awaiting Admin verification.,,2026-09-28 12:25:19.249831,PENDING,,
371,58,abhi,Vendor,USER_REGISTER_PENDING,User,58,NONE,PENDING,,User abhi@gmail.com registered with requested role Vendor. Awaiting Admin verification.,,2026-09-28 12:32:16.611339,PENDING,,
372,59,Test Pending Supplier,Vendor,USER_REGISTER_PENDING,User,59,NONE,PENDING,,User pending.test@example.com registered with requested role Vendor. Awaiting Admin verification.,,2026-09-28 12:39:17.968477,PENDING,,
373,1,,,VENDOR_APPROVED,Vendor,51,,,,Vendor Test Pending Supplier was Approved by Admin User. Notes: Verified by Admin,,2026-09-28 12:41:59.933169,PENDING,,
374,2,Sarah Jenkins,Procurement Manager,PR_CREATED,PurchaseRequisition,62,NONE,SUBMITTED,,"Procurement Manager Sarah Jenkins created PR PR-2026-0062 for department 'Procurement': Laptop (Qty: 50.0, Budget: $2,500,000.00)",,2026-09-28 13:07:29.133806,PENDING,,
375,2,Sarah Jenkins,Procurement Manager,VENDOR_SELECTED,VendorSelection,55,SUBMITTED,VENDOR_SELECTED,,"Procurement Manager Sarah Jenkins selected ABC Technologies (IT & Electronics) for PR-2026-0062 with quotation $2,500,000.00. Justification: Selected ABC Technologies (ABC Technologies Inc) based on verified category match 'IT & Electronics', Reliability Score 97.8/100, On-Time Delivery Rate 96.3%, and Low operational risk rating for requirement PR-2026-0062.",,2026-09-28 13:11:35.379523,PENDING,,
376,3,Elena Rostova,Finance Officer,FINANCE_APPROVED,FinancialApproval,39,VENDOR_SELECTED,READY_FOR_PO,,"Finance Officer Elena Rostova approved budget of $2,500,000.00 for PR-2026-0062 (Vendor: ABC Technologies). Ready for PO creation.",,2026-09-28 13:12:00.420626,PENDING,,
377,4,Marcus Vance,Supply Chain Manager,PO_CREATED_DRAFT,PurchaseOrder,164,READY_FOR_PO,Draft,,"User Marcus Vance created PO-2026-0164 for vendor ABC Technologies totaling $2,500,000.00 (Status: Draft).",,2026-09-28 13:12:27.949629,PENDING,,
378,21,ABC Technologies,Vendor,PO_ACCEPTED_BY_VENDOR,PurchaseOrder,164,Issued,Accepted,,Vendor representative ABC Technologies (ABC Technologies) accepted PO PO-2026-0164.,,2026-09-28 13:12:50.991353,PENDING,,
379,4,Marcus Vance,Supply Chain Manager,DELIVERY_CONFIRMED_COMPLETED,Delivery,146,Delivered,Completed,,Supply Chain Manager Marcus Vance confirmed completion of delivery for PO PO-2026-0163 (Vendor: ABC Technologies). Notification dispatched to Finance Officer for 3-way match and payment.,,2026-09-28 13:14:13.128012,PENDING,,
380,4,Marcus Vance,Supply Chain Manager,DELIVERY_CONFIRMED_COMPLETED,Delivery,146,Delivered,Completed,,Supply Chain Manager Marcus Vance confirmed completion of delivery for PO PO-2026-0163 (Vendor: ABC Technologies). Notification dispatched to Finance Officer for 3-way match and payment.,,2026-09-28 13:14:14.915882,PENDING,,
381,5,David Chen,Vendor,PO_ACCEPTED_BY_VENDOR,PurchaseOrder,7,Issued,Accepted,,Vendor representative David Chen (David Chen) accepted PO PO-2026-0007.,,2026-09-28 14:16:57.168580,PENDING,,
382,5,David Chen,Vendor,PO_DISPATCHED_IN_TRANSIT,PurchaseOrder,7,Accepted,In Transit,,Vendor David Chen dispatched PO PO-2026-0007 via FedEx Freight Express (Tracking: TRK-EXP-9921).,,2026-09-28 14:16:59.227381,PENDING,,
383,2,Sarah Jenkins,Procurement Manager,PR_CREATED,PurchaseRequisition,63,NONE,SUBMITTED,,"Procurement Manager Sarah Jenkins created PR PR-2026-0063 for department 'Engineering Lab': Precision Calibration Multimeter (Qty: 10.0, Budget: $50,000.00)",,2026-09-29 11:42:55.326492,PENDING,,
384,2,Sarah Jenkins,Procurement Manager,VENDOR_SELECTED,VendorSelection,56,SUBMITTED,VENDOR_SELECTED,,"Procurement Manager Sarah Jenkins selected ABC Technologies (IT & Electronics) for PR-2026-0063 with quotation $48,500.00. Justification: Competitive quotation from verified vendor ABC Technologies.",,2026-09-29 11:42:55.379303,PENDING,,
385,3,Elena Rostova,Finance Officer,FINANCE_APPROVED,FinancialApproval,40,VENDOR_SELECTED,READY_FOR_PO,,"Finance Officer Elena Rostova approved budget of $48,500.00 for PR-2026-0063 (Vendor: ABC Technologies). Ready for PO creation.",,2026-09-29 11:42:55.403527,PENDING,,
386,4,Marcus Vance,Supply Chain Manager,PO_ISSUED,PurchaseOrder,165,READY_FOR_PO,Issued,,"User Marcus Vance created PO-2026-0165 for vendor ABC Technologies totaling $48,500.00 (Status: Issued).",,2026-09-29 11:42:55.445242,PENDING,,
387,21,ABC Technologies,Vendor,PO_ACCEPTED_BY_VENDOR,PurchaseOrder,165,Issued,Accepted,,Vendor representative ABC Technologies (ABC Technologies) accepted PO PO-2026-0165.,,2026-09-29 11:42:55.462136,PENDING,,
388,4,Marcus Vance,Supply Chain Manager,DELIVERY_RECORDED,Delivery,147,In Transit,Delivered,,"Supply Chain Manager Marcus Vance recorded delivery for PO PO-2026-0165 (Vendor: ABC Technologies): Ordered 10.0, Delivered 10.0, Delay days: 0, Status: Delivered.",,2026-09-29 11:42:55.487263,PENDING,,
389,3,Elena Rostova,Finance Officer,INVOICE_3WAY_MATCH_VERIFIED,Invoice,147,INVOICE_RECEIVED,VERIFIED,,Finance Officer Elena Rostova verified 3-way match for invoice INV-2026-0147 against PO PO-2026-0165 and delivery.,,2026-09-29 11:42:55.540643,PENDING,,
390,3,Elena Rostova,Finance Officer,PAYMENT_PROCESSED_COMPLETED,Payment,16,VERIFIED,PAID,,"Finance Officer Elena Rostova processed payment of $48,500.00 via Corporate Electronic Transfer (Ref: TXN-BENCH-1790682175) for PO PO-2026-0165 (Vendor: ABC Technologies). Transaction completed.",,2026-09-29 11:42:55.563798,PENDING,,
391,2,Sarah Jenkins,Procurement Manager,PR_CREATED,PurchaseRequisition,64,NONE,SUBMITTED,,"Procurement Manager Sarah Jenkins created PR PR-2026-0064 for department 'Engineering Lab': Precision Calibration Multimeter (Qty: 10.0, Budget: $50,000.00)",,2026-09-29 12:30:42.443179,PENDING,,
392,2,Sarah Jenkins,Procurement Manager,VENDOR_SELECTED,VendorSelection,57,SUBMITTED,VENDOR_SELECTED,,"Procurement Manager Sarah Jenkins selected ABC Technologies (IT & Electronics) for PR-2026-0064 with quotation $48,500.00. Justification: Competitive quotation from verified vendor ABC Technologies.",,2026-09-29 12:30:42.531031,PENDING,,
393,3,Elena Rostova,Finance Officer,FINANCE_APPROVED,FinancialApproval,41,VENDOR_SELECTED,READY_FOR_PO,,"Finance Officer Elena Rostova approved budget of $48,500.00 for PR-2026-0064 (Vendor: ABC Technologies). Ready for PO creation.",,2026-09-29 12:30:42.585392,PENDING,,
394,4,Marcus Vance,Supply Chain Manager,PO_ISSUED,PurchaseOrder,166,READY_FOR_PO,Issued,,"User Marcus Vance created PO-2026-0166 for vendor ABC Technologies totaling $48,500.00 (Status: Issued).",,2026-09-29 12:30:42.669452,PENDING,,
395,21,ABC Technologies,Vendor,PO_ACCEPTED_BY_VENDOR,PurchaseOrder,166,Issued,Accepted,,Vendor representative ABC Technologies (ABC Technologies) accepted PO PO-2026-0166.,,2026-09-29 12:30:42.701442,PENDING,,
396,4,Marcus Vance,Supply Chain Manager,DELIVERY_RECORDED,Delivery,148,In Transit,Delivered,,"Supply Chain Manager Marcus Vance recorded delivery for PO PO-2026-0166 (Vendor: ABC Technologies): Ordered 10.0, Delivered 10.0, Delay days: 0, Status: Delivered.",,2026-09-29 12:30:42.791353,PENDING,,
397,3,Elena Rostova,Finance Officer,INVOICE_3WAY_MATCH_VERIFIED,Invoice,148,INVOICE_RECEIVED,VERIFIED,,Finance Officer Elena Rostova verified 3-way match for invoice INV-2026-0148 against PO PO-2026-0166 and delivery.,,2026-09-29 12:30:42.881748,PENDING,,
398,3,Elena Rostova,Finance Officer,PAYMENT_PROCESSED_COMPLETED,Payment,17,VERIFIED,PAID,,"Finance Officer Elena Rostova processed payment of $48,500.00 via Corporate Electronic Transfer (Ref: TXN-BENCH-1790685042) for PO PO-2026-0166 (Vendor: ABC Technologies). Transaction completed.",,2026-09-29 12:30:42.921134,PENDING,,
399,2,Sarah Jenkins,Procurement Manager,PR_CREATED,PurchaseRequisition,65,NONE,SUBMITTED,,"Procurement Manager Sarah Jenkins created PR PR-2026-0065 for department 'Engineering Lab': Precision Calibration Multimeter (Qty: 10.0, Budget: $50,000.00)",,2026-09-29 13:02:51.194469,PENDING,,
400,2,Sarah Jenkins,Procurement Manager,VENDOR_SELECTED,VendorSelection,58,SUBMITTED,VENDOR_SELECTED,,"Procurement Manager Sarah Jenkins selected ABC Technologies (IT & Electronics) for PR-2026-0065 with quotation $48,500.00. Justification: Competitive quotation from verified vendor ABC Technologies.",,2026-09-29 13:02:51.290758,PENDING,,
401,3,Elena Rostova,Finance Officer,FINANCE_APPROVED,FinancialApproval,42,VENDOR_SELECTED,READY_FOR_PO,,"Finance Officer Elena Rostova approved budget of $48,500.00 for PR-2026-0065 (Vendor: ABC Technologies). Ready for PO creation.",,2026-09-29 13:02:51.338179,PENDING,,
402,4,Marcus Vance,Supply Chain Manager,PO_ISSUED,PurchaseOrder,167,READY_FOR_PO,Issued,,"User Marcus Vance created PO-2026-0167 for vendor ABC Technologies totaling $48,500.00 (Status: Issued).",,2026-09-29 13:02:51.408993,PENDING,,
403,21,ABC Technologies,Vendor,PO_ACCEPTED_BY_VENDOR,PurchaseOrder,167,Issued,Accepted,,Vendor representative ABC Technologies (ABC Technologies) accepted PO PO-2026-0167.,,2026-09-29 13:02:51.437273,PENDING,,
404,4,Marcus Vance,Supply Chain Manager,DELIVERY_RECORDED,Delivery,149,In Transit,Delivered,,"Supply Chain Manager Marcus Vance recorded delivery for PO PO-2026-0167 (Vendor: ABC Technologies): Ordered 10.0, Delivered 10.0, Delay days: 0, Status: Delivered.",,2026-09-29 13:02:51.480854,PENDING,,
405,3,Elena Rostova,Finance Officer,INVOICE_3WAY_MATCH_VERIFIED,Invoice,149,INVOICE_RECEIVED,VERIFIED,,Finance Officer Elena Rostova verified 3-way match for invoice INV-2026-0149 against PO PO-2026-0167 and delivery.,,2026-09-29 13:02:51.581999,PENDING,,
406,3,Elena Rostova,Finance Officer,PAYMENT_PROCESSED_COMPLETED,Payment,18,VERIFIED,PAID,,"Finance Officer Elena Rostova processed payment of $48,500.00 via Corporate Electronic Transfer (Ref: TXN-BENCH-1790686971) for PO PO-2026-0167 (Vendor: ABC Technologies). Transaction completed.",,2026-09-29 13:02:51.620913,PENDING,,
407,2,Sarah Jenkins,Procurement Manager,PR_CREATED,PurchaseRequisition,66,NONE,SUBMITTED,,"Procurement Manager Sarah Jenkins created PR PR-2026-0066 for department 'Engineering Lab': Precision Calibration Multimeter (Qty: 10.0, Budget: $50,000.00)",,2026-09-29 13:53:46.424998,PENDING,,
408,2,Sarah Jenkins,Procurement Manager,VENDOR_SELECTED,VendorSelection,59,SUBMITTED,VENDOR_SELECTED,,"Procurement Manager Sarah Jenkins selected ABC Technologies (IT & Electronics) for PR-2026-0066 with quotation $48,500.00. Justification: Competitive quotation from verified vendor ABC Technologies.",,2026-09-29 13:53:46.514319,PENDING,,
409,3,Elena Rostova,Finance Officer,FINANCE_APPROVED,FinancialApproval,43,VENDOR_SELECTED,READY_FOR_PO,,"Finance Officer Elena Rostova approved budget of $48,500.00 for PR-2026-0066 (Vendor: ABC Technologies). Ready for PO creation.",,2026-09-29 13:53:46.555985,PENDING,,
410,4,Marcus Vance,Supply Chain Manager,PO_ISSUED,PurchaseOrder,168,READY_FOR_PO,Issued,,"User Marcus Vance created PO-2026-0168 for vendor ABC Technologies totaling $48,500.00 (Status: Issued).",,2026-09-29 13:53:46.622464,PENDING,,
411,21,ABC Technologies,Vendor,PO_ACCEPTED_BY_VENDOR,PurchaseOrder,168,Issued,Accepted,,Vendor representative ABC Technologies (ABC Technologies) accepted PO PO-2026-0168.,,2026-09-29 13:53:46.650043,PENDING,,
412,4,Marcus Vance,Supply Chain Manager,DELIVERY_RECORDED,Delivery,150,In Transit,Delivered,,"Supply Chain Manager Marcus Vance recorded delivery for PO PO-2026-0168 (Vendor: ABC Technologies): Ordered 10.0, Delivered 10.0, Delay days: 0, Status: Delivered.",,2026-09-29 13:53:46.691680,PENDING,,
413,3,Elena Rostova,Finance Officer,INVOICE_3WAY_MATCH_VERIFIED,Invoice,150,INVOICE_RECEIVED,VERIFIED,,Finance Officer Elena Rostova verified 3-way match for invoice INV-2026-0150 against PO PO-2026-0168 and delivery.,,2026-09-29 13:53:46.780097,PENDING,,
414,3,Elena Rostova,Finance Officer,PAYMENT_PROCESSED_COMPLETED,Payment,19,VERIFIED,PAID,,"Finance Officer Elena Rostova processed payment of $48,500.00 via Corporate Electronic Transfer (Ref: TXN-BENCH-1790690026) for PO PO-2026-0168 (Vendor: ABC Technologies). Transaction completed.",,2026-09-29 13:53:46.818936,PENDING,,
415,2,Sarah Jenkins,Procurement Manager,PR_CREATED,PurchaseRequisition,67,NONE,SUBMITTED,,"Procurement Manager Sarah Jenkins created PR PR-2026-0067 for department 'Procurement': phone (Qty: 50.0, Budget: $24,977.00)",,2026-09-29 14:09:30.644483,PENDING,,
416,2,Sarah Jenkins,Procurement Manager,VENDOR_SELECTED,VendorSelection,60,SUBMITTED,VENDOR_SELECTED,,"Procurement Manager Sarah Jenkins selected ABC Technologies (IT & Electronics) for PR-2026-0067 with quotation $24,977.00. Justification: Selected ABC Technologies (ABC Technologies Inc) based on verified category match 'IT & Electronics', Reliability Score 97.9/100, On-Time Delivery Rate 96.6%, and Low operational risk rating for requirement PR-2026-0067.",,2026-09-29 14:10:56.121591,PENDING,,
417,3,Elena Rostova,Finance Officer,FINANCE_APPROVED,FinancialApproval,44,VENDOR_SELECTED,READY_FOR_PO,,"Finance Officer Elena Rostova approved budget of $24,977.00 for PR-2026-0067 (Vendor: ABC Technologies). Ready for PO creation.",,2026-09-29 14:11:52.000496,PENDING,,
418,4,Marcus Vance,Supply Chain Manager,PO_CREATED_DRAFT,PurchaseOrder,169,READY_FOR_PO,Draft,,"User Marcus Vance created PO-2026-0169 for vendor ABC Technologies totaling $24,977.00 (Status: Draft).",,2026-09-29 14:12:09.042915,PENDING,,
419,4,Marcus Vance,Supply Chain Manager,DELIVERY_RECORDED,Delivery,151,In Transit,Delivered,,"Supply Chain Manager Marcus Vance recorded delivery for PO PO-2026-0169 (Vendor: ABC Technologies): Ordered 100.0, Delivered 100.0, Delay days: 0, Status: Delivered.",,2026-09-29 14:14:01.249230,PENDING,,
420,3,Elena Rostova,Finance Officer,INVOICE_3WAY_MATCH_VERIFIED,Invoice,151,INVOICE_RECEIVED,VERIFIED,,Finance Officer Elena Rostova verified 3-way match for invoice INV-2026-0151 against PO PO-2026-0169 and delivery.,,2026-09-29 14:15:05.903584,PENDING,,
421,3,Elena Rostova,Finance Officer,INVOICE_3WAY_MATCH_VERIFIED,Invoice,151,INVOICE_RECEIVED,VERIFIED,,Finance Officer Elena Rostova verified 3-way match for invoice INV-2026-0151 against PO PO-2026-0169 and delivery.,,2026-09-29 14:15:12.602752,PENDING,,
422,2,Sarah Jenkins,Procurement Manager,PR_CREATED,PurchaseRequisition,68,NONE,SUBMITTED,,"Procurement Manager Sarah Jenkins created PR PR-2026-0068 for department 'Engineering Lab': Precision Calibration Multimeter (Qty: 10.0, Budget: $50,000.00)",,2026-09-29 14:19:51.224899,PENDING,,
423,2,Sarah Jenkins,Procurement Manager,VENDOR_SELECTED,VendorSelection,61,SUBMITTED,VENDOR_SELECTED,,"Procurement Manager Sarah Jenkins selected ABC Technologies (IT & Electronics) for PR-2026-0068 with quotation $48,500.00. Justification: Competitive quotation from verified vendor ABC Technologies.",,2026-09-29 14:19:51.306659,PENDING,,
424,3,Elena Rostova,Finance Officer,FINANCE_APPROVED,FinancialApproval,45,VENDOR_SELECTED,READY_FOR_PO,,"Finance Officer Elena Rostova approved budget of $48,500.00 for PR-2026-0068 (Vendor: ABC Technologies). Ready for PO creation.",,2026-09-29 14:19:51.344855,PENDING,,
425,4,Marcus Vance,Supply Chain Manager,PO_ISSUED,PurchaseOrder,170,READY_FOR_PO,Issued,,"User Marcus Vance created PO-2026-0170 for vendor ABC Technologies totaling $48,500.00 (Status: Issued).",,2026-09-29 14:19:51.409869,PENDING,,
426,21,ABC Technologies,Vendor,PO_ACCEPTED_BY_VENDOR,PurchaseOrder,170,Issued,Accepted,,Vendor representative ABC Technologies (ABC Technologies) accepted PO PO-2026-0170.,,2026-09-29 14:19:51.437184,PENDING,,
427,4,Marcus Vance,Supply Chain Manager,DELIVERY_RECORDED,Delivery,152,In Transit,Delivered,,"Supply Chain Manager Marcus Vance recorded delivery for PO PO-2026-0170 (Vendor: ABC Technologies): Ordered 10.0, Delivered 10.0, Delay days: 0, Status: Delivered.",,2026-09-29 14:19:51.477463,PENDING,,
428,3,Elena Rostova,Finance Officer,INVOICE_3WAY_MATCH_VERIFIED,Invoice,152,INVOICE_RECEIVED,VERIFIED,,Finance Officer Elena Rostova verified 3-way match for invoice INV-2026-0152 against PO PO-2026-0170 and delivery.,,2026-09-29 14:19:51.568015,PENDING,,
429,3,Elena Rostova,Finance Officer,PAYMENT_PROCESSED_COMPLETED,Payment,20,VERIFIED,PAID,,"Finance Officer Elena Rostova processed payment of $48,500.00 via Corporate Electronic Transfer (Ref: TXN-BENCH-1790691591) for PO PO-2026-0170 (Vendor: ABC Technologies). Transaction completed.",,2026-09-29 14:19:51.608897,PENDING,,
430,2,Sarah Jenkins,Procurement Manager,PR_CREATED,PurchaseRequisition,69,NONE,SUBMITTED,,"Procurement Manager Sarah Jenkins created PR PR-2026-0069 for department 'Engineering Lab': Precision Calibration Multimeter (Qty: 10.0, Budget: $50,000.00)",,2026-09-29 14:33:21.981381,PENDING,,
431,2,Sarah Jenkins,Procurement Manager,VENDOR_SELECTED,VendorSelection,62,SUBMITTED,VENDOR_SELECTED,,"Procurement Manager Sarah Jenkins selected ABC Technologies (IT & Electronics) for PR-2026-0069 with quotation $48,500.00. Justification: Competitive quotation from verified vendor ABC Technologies.",,2026-09-29 14:33:22.064899,PENDING,,
432,3,Elena Rostova,Finance Officer,FINANCE_APPROVED,FinancialApproval,46,VENDOR_SELECTED,READY_FOR_PO,,"Finance Officer Elena Rostova approved budget of $48,500.00 for PR-2026-0069 (Vendor: ABC Technologies). Ready for PO creation.",,2026-09-29 14:33:22.106921,PENDING,,
433,4,Marcus Vance,Supply Chain Manager,PO_ISSUED,PurchaseOrder,171,READY_FOR_PO,Issued,,"User Marcus Vance created PO-2026-0171 for vendor ABC Technologies totaling $48,500.00 (Status: Issued).",,2026-09-29 14:33:22.206142,PENDING,,
434,21,ABC Technologies,Vendor,PO_ACCEPTED_BY_VENDOR,PurchaseOrder,171,Issued,Accepted,,Vendor representative ABC Technologies (ABC Technologies) accepted PO PO-2026-0171.,,2026-09-29 14:33:22.237972,PENDING,,
435,4,Marcus Vance,Supply Chain Manager,DELIVERY_RECORDED,Delivery,153,In Transit,Delivered,,"Supply Chain Manager Marcus Vance recorded delivery for PO PO-2026-0171 (Vendor: ABC Technologies): Ordered 10.0, Delivered 10.0, Delay days: 0, Status: Delivered.",,2026-09-29 14:33:22.299570,PENDING,,
436,3,Elena Rostova,Finance Officer,INVOICE_3WAY_MATCH_VERIFIED,Invoice,153,INVOICE_RECEIVED,VERIFIED,,Finance Officer Elena Rostova verified 3-way match for invoice INV-2026-0153 against PO PO-2026-0171 and delivery.,,2026-09-29 14:33:22.399028,PENDING,,
437,3,Elena Rostova,Finance Officer,PAYMENT_PROCESSED_COMPLETED,Payment,21,VERIFIED,PAID,,"Finance Officer Elena Rostova processed payment of $48,500.00 via Corporate Electronic Transfer (Ref: TXN-BENCH-1790692402) for PO PO-2026-0171 (Vendor: ABC Technologies). Transaction completed.",,2026-09-29 14:33:22.450981,PENDING,,
438,5,David Chen,Vendor,PO_ACCEPTED_BY_VENDOR,PurchaseOrder,1,Pending Acceptance,Accepted,,User David Chen (Vendor) accepted PO PO-2026-0001 for vendor David Chen.,,2026-10-01 13:56:14.289991,PENDING,,
439,5,David Chen,Vendor,PO_DISPATCHED_IN_TRANSIT,PurchaseOrder,1,Accepted,In Transit,,User David Chen (Vendor) dispatched PO PO-2026-0001 for David Chen via FedEx Express (Tracking: TRK-9876543210).,,2026-10-01 13:56:14.380754,PENDING,,
440,5,David Chen,Vendor,PO_REJECTED_BY_VENDOR,PurchaseOrder,172,Pending Acceptance,Rejected,Declined by vendor.,User David Chen (Vendor) rejected PO PO-TEST-REJECT-999 for vendor David Chen. Reason: Declined by vendor.,,2026-10-01 13:56:14.412149,PENDING,,
441,5,David Chen,Vendor,PO_ACCEPTED_BY_VENDOR,PurchaseOrder,146,Pending Acceptance,Accepted,,User David Chen (Vendor) accepted PO PO-2026-0146 for vendor ABC Technologies.,,2026-10-01 14:03:49.414165,PENDING,,
442,5,David Chen,Vendor,PO_DISPATCHED_IN_TRANSIT,PurchaseOrder,146,Accepted,In Transit,,User David Chen (Vendor) dispatched PO PO-2026-0146 for ABC Technologies via FedEx Express (Tracking: TRK-9876543210).,,2026-10-01 14:03:49.460828,PENDING,,
443,5,David Chen,Vendor,PO_REJECTED_BY_VENDOR,PurchaseOrder,172,Pending Acceptance,Rejected,Production capacity reached for this quarter.,User David Chen (Vendor) rejected PO PO-TEST-REJECT-1790863458 for vendor David Chen. Reason: Production capacity reached for this quarter.,,2026-10-01 14:04:18.148512,PENDING,,
444,2,Sarah Jenkins,Procurement Manager,PR_CREATED,PurchaseRequisition,70,NONE,SUBMITTED,,"Procurement Manager Sarah Jenkins created PR PR-2026-0070 for department 'Procurement': mouse (Qty: 5.0, Budget: $250.00)",,2026-10-01 14:19:09.841573,PENDING,,
445,2,Sarah Jenkins,Procurement Manager,VENDOR_SELECTED,VendorSelection,63,SUBMITTED,VENDOR_SELECTED,,"Procurement Manager Sarah Jenkins selected ABC Technologies (IT & Electronics) for PR-2026-0070 with quotation $250.00. Justification: Selected ABC Technologies (ABC Technologies Inc) based on verified category match 'IT & Electronics', Reliability Score 98/100, On-Time Delivery Rate 96.7%, and Low operational risk rating for requirement PR-2026-0070.",,2026-10-01 14:19:26.215992,PENDING,,
446,3,Elena Rostova,Finance Officer,FINANCE_APPROVED,FinancialApproval,47,VENDOR_SELECTED,READY_FOR_PO,,Finance Officer Elena Rostova approved budget of $250.00 for PR-2026-0070 (Vendor: ABC Technologies). Ready for PO creation.,,2026-10-01 14:19:36.823627,PENDING,,
447,4,Marcus Vance,Supply Chain Manager,PO_CREATED_DRAFT,PurchaseOrder,172,READY_FOR_PO,Draft,,User Marcus Vance created PO-2026-0172 for vendor ABC Technologies totaling $250.00 (Status: Draft).,,2026-10-01 14:19:58.144741,PENDING,,
448,5,David Chen,Vendor,PO_ACCEPTED_BY_VENDOR,PurchaseOrder,172,Pending Acceptance,Accepted,,User David Chen (Vendor) accepted PO PO-2026-0172 for vendor ABC Technologies.,,2026-10-01 14:21:50.599720,PENDING,,
449,5,David Chen,Vendor,PO_DISPATCHED_IN_TRANSIT,PurchaseOrder,172,Accepted,In Transit,,User David Chen (Vendor) dispatched PO PO-2026-0172 for ABC Technologies via DHL Express Freight (Tracking: TRK-4646325).,,2026-10-01 14:24:07.880117,PENDING,,
450,4,Marcus Vance,Supply Chain Manager,DELIVERY_RECORDED,Delivery,154,In Transit,Delayed,,"Supply Chain Manager Marcus Vance recorded delivery for PO PO-2026-0172 (Vendor: ABC Technologies): Ordered 100.0, Delivered 100.0, Delay days: 3, Status: Delayed.",,2026-10-01 14:26:22.077044,PENDING,,
451,4,Marcus Vance,Supply Chain Manager,DELIVERY_RECORDED,Delivery,155,In Transit,Delayed,,"Supply Chain Manager Marcus Vance recorded delivery for PO PO-2026-0172 (Vendor: ABC Technologies): Ordered 100.0, Delivered 100.0, Delay days: 3, Status: Delayed.",,2026-10-01 14:26:31.106239,PENDING,,
452,3,Elena Rostova,Finance Officer,INVOICE_3WAY_MATCH_VERIFIED,Invoice,154,INVOICE_RECEIVED,VERIFIED,,Finance Officer Elena Rostova verified 3-way match for invoice INV-2026-0154 against PO PO-2026-0172 and delivery.,,2026-10-01 14:27:37.608142,PENDING,,
453,3,Elena Rostova,Finance Officer,PAYMENT_PROCESSED_COMPLETED,Payment,22,VERIFIED,PAID,,Finance Officer Elena Rostova processed payment of $250.00 via Electronic Funds Transfer (Ref: EFT-TX-866685) for PO PO-2026-0172 (Vendor: ABC Technologies). Transaction completed.,,2026-10-01 14:27:48.330724,PENDING,,
454,3,Elena Rostova,Finance Officer,FINANCE_APPROVED,FinancialApproval,48,VENDOR_SELECTED,READY_FOR_PO,,"Finance Officer Elena Rostova approved budget of $25,000.00 for PR-2026-0041 (Vendor: yashwanth). Ready for PO creation.",,2026-10-01 14:29:53.584705,PENDING,,
455,3,Elena Rostova,Finance Officer,FINANCE_APPROVED,FinancialApproval,49,VENDOR_SELECTED,READY_FOR_PO,,"Finance Officer Elena Rostova approved budget of $2,450,000.00 for PR-2026-0036 (Vendor: ABC Technologies). Ready for PO creation.",,2026-10-01 14:32:06.482163,PENDING,,
456,6,Arthur Pendelton,Auditor,AUDIT_REVIEW_STATUS_UPDATED,ProcurementRequest,70,,Cleared,,Auditor Arthur Pendelton set review status to 'Cleared' on ProcurementRequest #70.,,2026-10-01 14:33:31.816169,PENDING,,
457,4,Marcus Vance,Supply Chain Manager,DELIVERY_CONFIRMED_COMPLETED,Delivery,155,Delivered,Completed,,Supply Chain Manager Marcus Vance confirmed completion of delivery for PO PO-2026-0172 (Vendor: ABC Technologies). Notification dispatched to Finance Officer for 3-way match and payment.,,2026-10-01 14:35:02.908403,PENDING,,
458,4,Marcus Vance,Supply Chain Manager,DELIVERY_CONFIRMED_COMPLETED,Delivery,155,Delivered,Completed,,Supply Chain Manager Marcus Vance confirmed completion of delivery for PO PO-2026-0172 (Vendor: ABC Technologies). Notification dispatched to Finance Officer for 3-way match and payment.,,2026-10-01 14:35:05.017439,PENDING,,
459,2,Sarah Jenkins,Procurement Manager,PR_CREATED,PurchaseRequisition,71,NONE,SUBMITTED,,"Procurement Manager Sarah Jenkins created PR PR-2026-0071 for department 'Engineering Lab': Precision Calibration Multimeter (Qty: 10.0, Budget: $50,000.00)",,2026-10-01 16:55:02.101808,PENDING,,
460,2,Sarah Jenkins,Procurement Manager,VENDOR_SELECTED,VendorSelection,64,SUBMITTED,VENDOR_SELECTED,,"Procurement Manager Sarah Jenkins selected ABC Technologies (IT & Electronics) for PR-2026-0071 with quotation $48,500.00. Justification: Competitive quotation from verified vendor ABC Technologies.",,2026-10-01 16:55:02.190330,PENDING,,
461,3,Elena Rostova,Finance Officer,FINANCE_APPROVED,FinancialApproval,50,VENDOR_SELECTED,READY_FOR_PO,,"Finance Officer Elena Rostova approved budget of $48,500.00 for PR-2026-0071 (Vendor: ABC Technologies). Ready for PO creation.",,2026-10-01 16:55:02.231177,PENDING,,
462,4,Marcus Vance,Supply Chain Manager,PO_ISSUED,PurchaseOrder,173,READY_FOR_PO,Issued,,"User Marcus Vance created PO-2026-0173 for vendor ABC Technologies totaling $48,500.00 (Status: Issued).",,2026-10-01 16:55:02.310868,PENDING,,
463,21,ABC Technologies,Vendor,PO_ACCEPTED_BY_VENDOR,PurchaseOrder,173,Pending Acceptance,Accepted,,User ABC Technologies (Vendor) accepted PO PO-2026-0173 for vendor ABC Technologies.,,2026-10-01 16:55:02.339468,PENDING,,
464,4,Marcus Vance,Supply Chain Manager,DELIVERY_RECORDED,Delivery,156,In Transit,Delivered,,"Supply Chain Manager Marcus Vance recorded delivery for PO PO-2026-0173 (Vendor: ABC Technologies): Ordered 10.0, Delivered 10.0, Delay days: 0, Status: Delivered.",,2026-10-01 16:55:02.385884,PENDING,,
465,3,Elena Rostova,Finance Officer,INVOICE_3WAY_MATCH_VERIFIED,Invoice,155,INVOICE_RECEIVED,VERIFIED,,Finance Officer Elena Rostova verified 3-way match for invoice INV-2026-0155 against PO PO-2026-0173 and delivery.,,2026-10-01 16:55:02.515110,PENDING,,
466,3,Elena Rostova,Finance Officer,PAYMENT_PROCESSED_COMPLETED,Payment,23,VERIFIED,PAID,,"Finance Officer Elena Rostova processed payment of $48,500.00 via Corporate Electronic Transfer (Ref: TXN-BENCH-1790873702) for PO PO-2026-0173 (Vendor: ABC Technologies). Transaction completed.",,2026-10-01 16:55:02.553495,PENDING,,
467,59,Advanced Optics Rep,Vendor,USER_REGISTER_PENDING,User,59,NONE,PENDING,,User optics_1790873711@quantum-sensors.com registered with requested role Vendor. Awaiting Admin verification.,,2026-10-01 16:55:11.074743,PENDING,,
468,60,Advanced Optics Rep,Vendor,USER_REGISTER_PENDING,User,60,NONE,PENDING,,User optics_1790873901@quantum-sensors.com registered with requested role Vendor. Awaiting Admin verification.,,2026-10-01 16:58:21.774006,PENDING,,
469,1,Admin User,Administrator,ADMIN_USER_APPROVED,User,60,PENDING,APPROVED,,Admin admin@vendor-iq.com approved user optics_1790873901@quantum-sensors.com with role Vendor,,2026-10-01 16:58:21.843145,PENDING,,
470,2,Sarah Jenkins,Procurement Manager,PR_CREATED,PurchaseRequisition,72,NONE,SUBMITTED,,"Procurement Manager Sarah Jenkins created PR PR-2026-0072 for department 'Manufacturing & Production': High-Grade Industrial Fasteners (Qty: 100.0, Budget: $12,000.00)",,2026-10-01 16:58:21.923066,PENDING,,
471,61,Advanced Optics Rep,Vendor,USER_REGISTER_PENDING,User,61,NONE,PENDING,,User optics_1790874014@quantum-sensors.com registered with requested role Vendor. Awaiting Admin verification.,,2026-10-01 17:00:14.783439,PENDING,,
472,1,Admin User,Administrator,ADMIN_USER_APPROVED,User,61,PENDING,APPROVED,,Admin admin@vendor-iq.com approved user optics_1790874014@quantum-sensors.com with role Vendor,,2026-10-01 17:00:14.851953,PENDING,,
473,2,Sarah Jenkins,Procurement Manager,PR_CREATED,PurchaseRequisition,73,NONE,SUBMITTED,,"Procurement Manager Sarah Jenkins created PR PR-2026-0073 for department 'Manufacturing & Production': Industrial Metals, Polymers & Composites (Qty: 100.0, Budget: $12,000.00)",,2026-10-01 17:00:14.927952,PENDING,,
474,2,Sarah Jenkins,Procurement Manager,VENDOR_SELECTED,VendorSelection,65,SUBMITTED,VENDOR_SELECTED,,"Procurement Manager Sarah Jenkins selected David Chen (Raw Material Suppliers) for PR-2026-0073 with quotation $11,500.00. Justification: Selected based on 99.2% reliability score, competitive quotation, and certified quality standard.",,2026-10-01 17:00:14.952130,PENDING,,
475,3,Elena Rostova,Finance Officer,FINANCE_APPROVED,FinancialApproval,51,VENDOR_SELECTED,READY_FOR_PO,,"Finance Officer Elena Rostova approved budget of $11,500.00 for PR-2026-0073 (Vendor: David Chen). Ready for PO creation.",,2026-10-01 17:00:14.993293,PENDING,,
476,4,Marcus Vance,Supply Chain Manager,PO_CREATED_DRAFT,PurchaseOrder,174,READY_FOR_PO,Draft,,"User Marcus Vance created PO-2026-0174 for vendor David Chen totaling $11,500.00 (Status: Draft).",,2026-10-01 17:00:15.033095,PENDING,,
477,4,Marcus Vance,Supply Chain Manager,PO_ISSUED,PurchaseOrder,174,Draft,Issued,,Supply Chain Manager Marcus Vance issued PO PO-2026-0174 to David Chen.,,2026-10-01 17:00:15.053730,PENDING,,
478,5,David Chen,Vendor,PO_ACCEPTED_BY_VENDOR,PurchaseOrder,174,Pending Acceptance,Accepted,,User David Chen (Vendor) accepted PO PO-2026-0174 for vendor David Chen.,,2026-10-01 17:00:15.081361,PENDING,,
479,4,Marcus Vance,Supply Chain Manager,DELIVERY_RECORDED,Delivery,157,In Transit,Delivered,,"Supply Chain Manager Marcus Vance recorded delivery for PO PO-2026-0174 (Vendor: David Chen): Ordered 100.0, Delivered 100.0, Delay days: 0, Status: Delivered.",,2026-10-01 17:00:15.141989,PENDING,,
480,4,Marcus Vance,Supply Chain Manager,DELIVERY_CONFIRMED_COMPLETED,Delivery,157,Delivered,Completed,,Supply Chain Manager Marcus Vance confirmed completion of delivery for PO PO-2026-0174 (Vendor: David Chen). Notification dispatched to Finance Officer for 3-way match and payment.,,2026-10-01 17:00:15.188131,PENDING,,
481,3,Elena Rostova,Finance Officer,INVOICE_3WAY_MATCH_VERIFIED,Invoice,156,INVOICE_RECEIVED,VERIFIED,,Finance Officer Elena Rostova verified 3-way match for invoice INV-2026-0156 against PO PO-2026-0174 and delivery.,,2026-10-01 17:00:15.290515,PENDING,,
482,3,Elena Rostova,Finance Officer,PAYMENT_PROCESSED_COMPLETED,Payment,24,VERIFIED,PAID,,"Finance Officer Elena Rostova processed payment of $11,500.00 via Wire Transfer (Ref: WT-1790874015) for PO PO-2026-0174 (Vendor: David Chen). Transaction completed.",,2026-10-01 17:00:15.465881,PENDING,,
483,62,Approve Candidate,Requesting User,USER_REGISTER_PENDING,User,62,NONE,PENDING,,User user.approve.1790874028640@vendor-iq.com registered with requested role Requesting User. Awaiting Admin verification.,,2026-10-01 17:00:28.650269,PENDING,,
484,63,Reject Candidate,Procurement Manager,USER_REGISTER_PENDING,User,63,NONE,PENDING,,User user.reject.1790874028640@vendor-iq.com registered with requested role Procurement Manager. Awaiting Admin verification.,,2026-10-01 17:00:28.678483,PENDING,,
485,64,Approve Candidate,Requesting User,USER_REGISTER_PENDING,User,64,NONE,PENDING,,User user.approve.1790874099373@vendor-iq.com registered with requested role Requesting User. Awaiting Admin verification.,,2026-10-01 17:01:39.384180,PENDING,,
486,65,Reject Candidate,Procurement Manager,USER_REGISTER_PENDING,User,65,NONE,PENDING,,User user.reject.1790874099373@vendor-iq.com registered with requested role Procurement Manager. Awaiting Admin verification.,,2026-10-01 17:01:39.413183,PENDING,,
487,1,Admin User,Administrator,ADMIN_USER_REJECTED,User,65,PENDING,REJECTED,Unverified organizational affiliation and invalid corporate email.,Admin rejected user user.reject.1790874099373@vendor-iq.com. Reason: Unverified organizational affiliation and invalid corporate email.,,2026-10-01 17:01:39.454523,PENDING,,
488,1,Admin User,Administrator,ADMIN_USER_APPROVED,User,64,PENDING,APPROVED,,Admin admin@vendor-iq.com approved user user.approve.1790874099373@vendor-iq.com with role Requesting User,,2026-10-01 17:01:39.475959,PENDING,,
489,1,Admin User,Administrator,ADMIN_USER_DELETED,User,64,,,,Admin admin@vendor-iq.com deleted user Approve Candidate (user.approve.1790874099373@vendor-iq.com),,2026-10-01 17:01:39.724873,PENDING,,
490,1,Admin User,Administrator,ADMIN_USER_DELETED,User,65,,,,Admin admin@vendor-iq.com deleted user Reject Candidate (user.reject.1790874099373@vendor-iq.com),,2026-10-01 17:01:39.737227,PENDING,,
491,2,Sarah Jenkins,Procurement Manager,PR_CREATED,PurchaseRequisition,75,NONE,SUBMITTED,,"Procurement Manager Sarah Jenkins created PR PR-2026-0075 for department 'Information Technology': Laptop (Qty: 50.0, Budget: $2,500,000.00)",,2026-10-01 17:02:09.490918,PENDING,,
492,2,Sarah Jenkins,Procurement Manager,VENDOR_SELECTED,VendorSelection,67,SUBMITTED,VENDOR_SELECTED,,"Procurement Manager Sarah Jenkins selected ABC Technologies (IT & Electronics) for PR-2026-0075 with quotation $2,450,000.00. Justification: ABC Technologies selected based on highest reliability score (97.6/100), 95.8% on-time delivery rate, and certified OEM warranty standard.",,2026-10-01 17:02:09.649119,PENDING,,
493,64,Test Engineer,Requesting User,USER_REGISTER_PENDING,User,64,NONE,PENDING,,User test.engineer.1790874163@vendor-iq.com registered with requested role Requesting User. Awaiting Admin verification.,,2026-10-01 17:02:43.078721,PENDING,,
494,1,Admin User,Administrator,ADMIN_USER_APPROVED,User,64,PENDING,APPROVED,,Admin admin@vendor-iq.com approved user test.engineer.1790874163@vendor-iq.com with role Requesting User,,2026-10-01 17:02:43.121066,PENDING,,
495,64,Test Engineer,Requesting User,PR_CREATED,PurchaseRequisition,76,NONE,SUBMITTED,,"Procurement Manager Test Engineer created PR PR-2026-0076 for department 'Information Technology': High-Density Storage Server (Qty: 2.0, Budget: $16,000.00)",,2026-10-01 17:02:43.146625,PENDING,,
496,65,Test Engineer,Requesting User,USER_REGISTER_PENDING,User,65,NONE,PENDING,,User test.engineer.1790874254@vendor-iq.com registered with requested role Requesting User. Awaiting Admin verification.,,2026-10-01 17:04:14.755967,PENDING,,
497,1,Admin User,Administrator,ADMIN_USER_APPROVED,User,65,PENDING,APPROVED,,Admin admin@vendor-iq.com approved user test.engineer.1790874254@vendor-iq.com with role Requesting User,,2026-10-01 17:04:14.801130,PENDING,,
498,65,Test Engineer,Requesting User,PR_CREATED,PurchaseRequisition,77,NONE,SUBMITTED,,"Procurement Manager Test Engineer created PR PR-2026-0077 for department 'Information Technology': Laptop (Qty: 2.0, Budget: $16,000.00)",,2026-10-01 17:04:14.826354,PENDING,,
499,2,Sarah Jenkins,Procurement Manager,VENDOR_SELECTED,VendorSelection,68,SUBMITTED,VENDOR_SELECTED,,"Procurement Manager Sarah Jenkins selected ABC Technologies (IT & Electronics) for PR-2026-0077 with quotation $15,400.00. Justification: ABC Technologies complies with enterprise IT hardware specifications.",,2026-10-01 17:04:14.867888,PENDING,,
500,3,Elena Rostova,Finance Officer,FINANCE_APPROVED,FinancialApproval,53,VENDOR_SELECTED,READY_FOR_PO,,"Finance Officer Elena Rostova approved budget of $15,400.00 for PR-2026-0077 (Vendor: ABC Technologies). Ready for PO creation.",,2026-10-01 17:04:14.934525,PENDING,,
501,4,Marcus Vance,Supply Chain Manager,PO_CREATED_DRAFT,PurchaseOrder,176,READY_FOR_PO,Draft,,"User Marcus Vance created PO-2026-0176 for vendor ABC Technologies totaling $15,400.00 (Status: Draft).",,2026-10-01 17:04:15.008536,PENDING,,
502,4,Marcus Vance,Supply Chain Manager,PO_ISSUED,PurchaseOrder,176,Draft,Issued,,Supply Chain Manager Marcus Vance issued PO PO-2026-0176 to ABC Technologies.,,2026-10-01 17:04:15.032385,PENDING,,
503,5,David Chen,Vendor,PO_ACCEPTED_BY_VENDOR,PurchaseOrder,176,Pending Acceptance,Accepted,,User David Chen (Vendor) accepted PO PO-2026-0176 for vendor ABC Technologies.,,2026-10-01 17:04:15.052346,PENDING,,
504,66,Test Engineer,Requesting User,USER_REGISTER_PENDING,User,66,NONE,PENDING,,User test.engineer.1790874271@vendor-iq.com registered with requested role Requesting User. Awaiting Admin verification.,,2026-10-01 17:04:31.153189,PENDING,,
505,1,Admin User,Administrator,ADMIN_USER_APPROVED,User,66,PENDING,APPROVED,,Admin admin@vendor-iq.com approved user test.engineer.1790874271@vendor-iq.com with role Requesting User,,2026-10-01 17:04:31.199843,PENDING,,
506,66,Test Engineer,Requesting User,PR_CREATED,PurchaseRequisition,78,NONE,SUBMITTED,,"Procurement Manager Test Engineer created PR PR-2026-0078 for department 'Information Technology': Laptop (Qty: 2.0, Budget: $16,000.00)",,2026-10-01 17:04:31.223941,PENDING,,
507,2,Sarah Jenkins,Procurement Manager,VENDOR_SELECTED,VendorSelection,69,SUBMITTED,VENDOR_SELECTED,,"Procurement Manager Sarah Jenkins selected ABC Technologies (IT & Electronics) for PR-2026-0078 with quotation $15,400.00. Justification: ABC Technologies complies with enterprise IT hardware specifications.",,2026-10-01 17:04:31.264179,PENDING,,
508,3,Elena Rostova,Finance Officer,FINANCE_APPROVED,FinancialApproval,54,VENDOR_SELECTED,READY_FOR_PO,,"Finance Officer Elena Rostova approved budget of $15,400.00 for PR-2026-0078 (Vendor: ABC Technologies). Ready for PO creation.",,2026-10-01 17:04:31.325301,PENDING,,
509,4,Marcus Vance,Supply Chain Manager,PO_CREATED_DRAFT,PurchaseOrder,177,READY_FOR_PO,Draft,,"User Marcus Vance created PO-2026-0177 for vendor ABC Technologies totaling $15,400.00 (Status: Draft).",,2026-10-01 17:04:31.396716,PENDING,,
510,4,Marcus Vance,Supply Chain Manager,PO_ISSUED,PurchaseOrder,177,Draft,Issued,,Supply Chain Manager Marcus Vance issued PO PO-2026-0177 to ABC Technologies.,,2026-10-01 17:04:31.421264,PENDING,,
511,5,David Chen,Vendor,PO_ACCEPTED_BY_VENDOR,PurchaseOrder,177,Pending Acceptance,Accepted,,User David Chen (Vendor) accepted PO PO-2026-0177 for vendor ABC Technologies.,,2026-10-01 17:04:31.468252,PENDING,,
512,1,Admin User,Administrator,ADMIN_USER_DELETED,User,66,,,,Admin admin@vendor-iq.com deleted user Test Engineer (test.engineer.1790874271@vendor-iq.com),,2026-10-01 17:04:31.769768,PENDING,,
513,66,FastSupply Logistics Rep,Vendor,VENDOR_REGISTERED_WITH_CREDENTIALS,Vendor,56,NONE,APPROVED,,Vendor 'FastSupply Logistics Rep' registered with login email 'fastsupply_1790874281189@globalfreight.com'.,,2026-10-01 17:04:41.289408,PENDING,,
514,67,FastSupply Logistics Rep,Vendor,VENDOR_REGISTERED_WITH_CREDENTIALS,Vendor,57,NONE,APPROVED,,Vendor 'FastSupply Logistics Rep' registered with login email 'fastsupply_1790874364589@globalfreight.com'.,,2026-10-01 17:06:04.691727,PENDING,,
515,68,,,VENDOR_CREATED,Vendor,58,,,,Vendor 'Precision Tech Components' registered with login account 'precision_1790874364589@techparts.io'.,,2026-10-01 17:06:04.751355,PENDING,,
516,69,Direct Quantum Supplier,Vendor,VENDOR_REGISTERED_PENDING,Vendor,59,NONE,PENDING,,Vendor directvendor_1790874364589@quantum.com registered. Awaiting Administrator verification and approval.,,2026-10-01 17:06:04.806162,PENDING,,
517,70,FastSupply Logistics Rep,Vendor,VENDOR_REGISTERED_WITH_CREDENTIALS,Vendor,60,NONE,APPROVED,,Vendor 'FastSupply Logistics Rep' registered with login email 'fastsupply_1790874408148@globalfreight.com'.,,2026-10-01 17:06:48.240622,PENDING,,
518,71,,,VENDOR_CREATED,Vendor,61,,,,Vendor 'Precision Tech Components' registered with login account 'precision_1790874408148@techparts.io'.,,2026-10-01 17:06:48.298424,PENDING,,
519,72,Direct Quantum Supplier,Vendor,VENDOR_REGISTERED_PENDING,Vendor,62,NONE,PENDING,,Vendor directvendor_1790874408148@quantum.com registered. Awaiting Administrator verification and approval.,,2026-10-01 17:06:48.356210,PENDING,,
520,73,Portal Vendor Rep,Vendor,USER_REGISTER_PENDING,User,73,NONE,PENDING,,User portal_vendor_1790874408148@logistics-link.com registered with requested role Vendor. Awaiting Admin verification.,,2026-10-01 17:06:48.395221,PENDING,,
521,74,FastSupply Logistics Rep,Vendor,VENDOR_REGISTERED_WITH_CREDENTIALS,Vendor,64,NONE,APPROVED,,Vendor 'FastSupply Logistics Rep' registered with login email 'fastsupply_1790874432445@globalfreight.com'.,,2026-10-01 17:07:12.543299,PENDING,,
522,75,,,VENDOR_CREATED,Vendor,65,,,,Vendor 'Precision Tech Components' registered with login account 'precision_1790874432445@techparts.io'.,,2026-10-01 17:07:12.599156,PENDING,,
523,76,Direct Quantum Supplier,Vendor,VENDOR_REGISTERED_PENDING,Vendor,66,NONE,PENDING,,Vendor directvendor_1790874432445@quantum.com registered. Awaiting Administrator verification and approval.,,2026-10-01 17:07:12.656015,PENDING,,
524,77,Portal Vendor Rep,Vendor,USER_REGISTER_PENDING,User,77,NONE,PENDING,,User portal_vendor_1790874432445@logistics-link.com registered with requested role Vendor. Awaiting Admin verification.,,2026-10-01 17:07:12.703946,PENDING,,
525,1,Admin User,Administrator,ADMIN_USER_APPROVED,User,77,PENDING,APPROVED,,Admin admin@vendor-iq.com approved user portal_vendor_1790874432445@logistics-link.com with role Vendor,,2026-10-01 17:07:12.750035,PENDING,,
526,78,murali,Vendor,USER_REGISTER_PENDING,User,78,NONE,PENDING,,User murali@gmail.com registered with requested role Vendor. Awaiting Admin verification.,,2026-10-01 17:13:57.044665,PENDING,,
527,2,Sarah Jenkins,Procurement Manager,PR_CREATED,PurchaseRequisition,79,NONE,SUBMITTED,,"Procurement Manager Sarah Jenkins created PR PR-2026-0079 for department 'Manufacturing & Production': Laptop (Qty: 50.0, Budget: $2,500.00)",,2026-10-01 17:15:57.983794,PENDING,,
528,2,Sarah Jenkins,Procurement Manager,PR_CREATED,PurchaseRequisition,80,NONE,SUBMITTED,,"Procurement Manager Sarah Jenkins created PR PR-2026-0080 for department 'Information Technology': Laptop (Qty: 50.0, Budget: $2,500,000.00)",,2026-10-01 17:16:42.727661,PENDING,,
529,2,Sarah Jenkins,Procurement Manager,VENDOR_SELECTED,VendorSelection,70,SUBMITTED,VENDOR_SELECTED,,"Procurement Manager Sarah Jenkins selected ABC Technologies (IT & Electronics) for PR-2026-0076 with quotation $16,000.00. Justification: Selected ABC Technologies (ABC Technologies Inc) based on verified category match 'IT & Electronics', Reliability Score 96.7/100, On-Time Delivery Rate 93.8%, and Medium operational risk rating for requirement PR-2026-0076.",,2026-10-01 17:17:47.675983,PENDING,,
530,3,Elena Rostova,Finance Officer,FINANCE_APPROVED,FinancialApproval,55,VENDOR_SELECTED,READY_FOR_PO,,"Finance Officer Elena Rostova approved budget of $16,000.00 for PR-2026-0076 (Vendor: ABC Technologies). Ready for PO creation.",,2026-10-01 17:18:05.226218,PENDING,,
531,4,Marcus Vance,Supply Chain Manager,PO_CREATED_DRAFT,PurchaseOrder,178,READY_FOR_PO,Draft,,"User Marcus Vance created PO-2026-0178 for vendor ABC Technologies totaling $16,000.00 (Status: Draft).",,2026-10-01 17:18:33.544853,PENDING,,
532,5,David Chen,Vendor,PO_ACCEPTED_BY_VENDOR,PurchaseOrder,178,Pending Acceptance,Accepted,,User David Chen (Vendor) accepted PO PO-2026-0178 for vendor ABC Technologies.,,2026-10-01 17:19:29.037336,PENDING,,
533,5,David Chen,Vendor,PO_DISPATCHED_IN_TRANSIT,PurchaseOrder,178,Accepted,In Transit,,User David Chen (Vendor) dispatched PO PO-2026-0178 for ABC Technologies via DHL Express Freight (Tracking: TRK-5256090).,,2026-10-01 17:20:57.585939,PENDING,,
534,4,Marcus Vance,Supply Chain Manager,DELIVERY_RECORDED,Delivery,159,In Transit,Delayed,,"Supply Chain Manager Marcus Vance recorded delivery for PO PO-2026-0178 (Vendor: ABC Technologies): Ordered 100.0, Delivered 100.0, Delay days: 2, Status: Delayed.",,2026-10-01 17:21:54.196059,PENDING,,
535,4,Marcus Vance,Supply Chain Manager,DELIVERY_RECORDED,Delivery,160,In Transit,Delayed,,"Supply Chain Manager Marcus Vance recorded delivery for PO PO-2026-0178 (Vendor: ABC Technologies): Ordered 100.0, Delivered 100.0, Delay days: 2, Status: Delayed.",,2026-10-01 17:22:00.684487,PENDING,,
536,3,Elena Rostova,Finance Officer,INVOICE_3WAY_MATCH_VERIFIED,Invoice,158,INVOICE_RECEIVED,VERIFIED,,Finance Officer Elena Rostova verified 3-way match for invoice INV-2026-0158 against PO PO-2026-0178 and delivery.,,2026-10-01 17:22:22.387012,PENDING,,
537,3,Elena Rostova,Finance Officer,PAYMENT_PROCESSED_COMPLETED,Payment,25,VERIFIED,PAID,,"Finance Officer Elena Rostova processed payment of $16,000.00 via Electronic Funds Transfer (Ref: EFT-TX-348926) for PO PO-2026-0178 (Vendor: ABC Technologies). Transaction completed.",,2026-10-01 17:22:30.559161,PENDING,,
538,6,Arthur Pendelton,Auditor,AUDIT_REVIEW_STATUS_UPDATED,ProcurementRequest,76,,Cleared,,Auditor Arthur Pendelton set review status to 'Cleared' on ProcurementRequest #76.,,2026-10-01 17:23:38.722610,PENDING,,
539,2,Sarah Jenkins,Procurement Manager,PR_CREATED,PurchaseRequisition,81,NONE,SUBMITTED,,"Procurement Manager Sarah Jenkins created PR PR-2026-0081 for department 'Engineering Lab': Precision Calibration Multimeter (Qty: 10.0, Budget: $50,000.00)",,2026-10-01 17:49:36.719525,PENDING,,
540,2,Sarah Jenkins,Procurement Manager,VENDOR_SELECTED,VendorSelection,71,SUBMITTED,VENDOR_SELECTED,,"Procurement Manager Sarah Jenkins selected ABC Technologies (IT & Electronics) for PR-2026-0081 with quotation $48,500.00. Justification: Competitive quotation from verified vendor ABC Technologies.",,2026-10-01 17:49:36.808456,PENDING,,
541,3,Elena Rostova,Finance Officer,FINANCE_APPROVED,FinancialApproval,56,VENDOR_SELECTED,READY_FOR_PO,,"Finance Officer Elena Rostova approved budget of $48,500.00 for PR-2026-0081 (Vendor: ABC Technologies). Ready for PO creation.",,2026-10-01 17:49:36.847272,PENDING,,
542,4,Marcus Vance,Supply Chain Manager,PO_ISSUED,PurchaseOrder,179,READY_FOR_PO,Issued,,"User Marcus Vance created PO-2026-0179 for vendor ABC Technologies totaling $48,500.00 (Status: Issued).",,2026-10-01 17:49:36.920144,PENDING,,
543,21,ABC Technologies,Vendor,PO_ACCEPTED_BY_VENDOR,PurchaseOrder,179,Pending Acceptance,Accepted,,User ABC Technologies (Vendor) accepted PO PO-2026-0179 for vendor ABC Technologies.,,2026-10-01 17:49:36.947899,PENDING,,
544,4,Marcus Vance,Supply Chain Manager,DELIVERY_RECORDED,Delivery,161,In Transit,Delivered,,"Supply Chain Manager Marcus Vance recorded delivery for PO PO-2026-0179 (Vendor: ABC Technologies): Ordered 10.0, Delivered 10.0, Delay days: 0, Status: Delivered.",,2026-10-01 17:49:36.995631,PENDING,,
545,3,Elena Rostova,Finance Officer,INVOICE_3WAY_MATCH_VERIFIED,Invoice,159,INVOICE_RECEIVED,VERIFIED,,Finance Officer Elena Rostova verified 3-way match for invoice INV-2026-0159 against PO PO-2026-0179 and delivery.,,2026-10-01 17:49:37.081815,PENDING,,
546,3,Elena Rostova,Finance Officer,PAYMENT_PROCESSED_COMPLETED,Payment,26,VERIFIED,PAID,,"Finance Officer Elena Rostova processed payment of $48,500.00 via Corporate Electronic Transfer (Ref: TXN-BENCH-1790876977) for PO PO-2026-0179 (Vendor: ABC Technologies). Transaction completed.",,2026-10-01 17:49:37.120236,PENDING,,
547,2,Sarah Jenkins,Procurement Manager,PR_CREATED,PurchaseRequisition,82,NONE,SUBMITTED,,"Procurement Manager Sarah Jenkins created PR PR-2026-0082 for department 'Engineering Lab': Precision Calibration Multimeter (Qty: 10.0, Budget: $50,000.00)",,2026-10-01 17:58:32.472297,PENDING,,
548,2,Sarah Jenkins,Procurement Manager,VENDOR_SELECTED,VendorSelection,72,SUBMITTED,VENDOR_SELECTED,,"Procurement Manager Sarah Jenkins selected ABC Technologies (IT & Electronics) for PR-2026-0082 with quotation $48,500.00. Justification: Competitive quotation from verified vendor ABC Technologies.",,2026-10-01 17:58:32.562213,PENDING,,
549,3,Elena Rostova,Finance Officer,FINANCE_APPROVED,FinancialApproval,57,VENDOR_SELECTED,READY_FOR_PO,,"Finance Officer Elena Rostova approved budget of $48,500.00 for PR-2026-0082 (Vendor: ABC Technologies). Ready for PO creation.",,2026-10-01 17:58:32.618764,PENDING,,
550,4,Marcus Vance,Supply Chain Manager,PO_ISSUED,PurchaseOrder,180,READY_FOR_PO,Issued,,"User Marcus Vance created PO-2026-0180 for vendor ABC Technologies totaling $48,500.00 (Status: Issued).",,2026-10-01 17:58:32.695855,PENDING,,
551,21,ABC Technologies,Vendor,PO_ACCEPTED_BY_VENDOR,PurchaseOrder,180,Pending Acceptance,Accepted,,User ABC Technologies (Vendor) accepted PO PO-2026-0180 for vendor ABC Technologies.,,2026-10-01 17:58:32.726092,PENDING,,
552,4,Marcus Vance,Supply Chain Manager,DELIVERY_RECORDED,Delivery,162,In Transit,Delivered,,"Supply Chain Manager Marcus Vance recorded delivery for PO PO-2026-0180 (Vendor: ABC Technologies): Ordered 10.0, Delivered 10.0, Delay days: 0, Status: Delivered.",,2026-10-01 17:58:32.774763,PENDING,,
553,3,Elena Rostova,Finance Officer,INVOICE_3WAY_MATCH_VERIFIED,Invoice,160,INVOICE_RECEIVED,VERIFIED,,Finance Officer Elena Rostova verified 3-way match for invoice INV-2026-0160 against PO PO-2026-0180 and delivery.,,2026-10-01 17:58:32.860926,PENDING,,
554,3,Elena Rostova,Finance Officer,PAYMENT_PROCESSED_COMPLETED,Payment,27,VERIFIED,PAID,,"Finance Officer Elena Rostova processed payment of $48,500.00 via Corporate Electronic Transfer (Ref: TXN-BENCH-1790877512) for PO PO-2026-0180 (Vendor: ABC Technologies). Transaction completed.",,2026-10-01 17:58:32.899756,PENDING,,
555,2,Sarah Jenkins,Procurement Manager,PR_CREATED,PurchaseRequisition,83,NONE,SUBMITTED,,"Procurement Manager Sarah Jenkins created PR PR-2026-0083 for department 'Information Technology': Laptop (Qty: 50.0, Budget: $2,500,000.00)",,2026-10-01 17:58:47.314827,PENDING,,
556,2,Sarah Jenkins,Procurement Manager,VENDOR_SELECTED,VendorSelection,73,SUBMITTED,VENDOR_SELECTED,,"Procurement Manager Sarah Jenkins selected ABC Technologies (IT & Electronics) for PR-2026-0083 with quotation $2,450,000.00. Justification: ABC Technologies selected based on highest reliability score (97.6/100), 95.8% on-time delivery rate, and certified OEM warranty standard.",,2026-10-01 17:58:47.469573,PENDING,,
557,2,Sarah Jenkins,Procurement Manager,PR_CREATED,PurchaseRequisition,84,NONE,SUBMITTED,,"Procurement Manager Sarah Jenkins created PR PR-2026-0084 for department 'Manufacturing & Production': Precision Ball Bearings (Qty: 25.0, Budget: $10,000.00)",,2026-10-01 17:59:13.456332,PENDING,,
558,2,Sarah Jenkins,Procurement Manager,PR_CREATED,PurchaseRequisition,85,NONE,SUBMITTED,,"Procurement Manager Sarah Jenkins created PR PR-2026-0085 for department 'Manufacturing & Production': Precision Ball Bearings (Qty: 25.0, Budget: $10,000.00)",,2026-10-01 18:01:52.682021,PENDING,,
559,2,Sarah Jenkins,Procurement Manager,PR_CREATED,PurchaseRequisition,86,NONE,SUBMITTED,,User Sarah Jenkins created PR PR-2026-0086: Server Memory Modules,,2026-10-01 18:02:06.624705,PENDING,,
560,2,Sarah Jenkins,Procurement Manager,PR_CREATED,PurchaseRequisition,87,NONE,SUBMITTED,,"Procurement Manager Sarah Jenkins created PR PR-2026-0087 for department 'Engineering Lab': Precision Calibration Multimeter (Qty: 10.0, Budget: $50,000.00)",,2026-10-01 18:02:25.480713,PENDING,,
561,2,Sarah Jenkins,Procurement Manager,VENDOR_SELECTED,VendorSelection,74,SUBMITTED,VENDOR_SELECTED,,"Procurement Manager Sarah Jenkins selected ABC Technologies (IT & Electronics) for PR-2026-0087 with quotation $48,500.00. Justification: Competitive quotation from verified vendor ABC Technologies.",,2026-10-01 18:02:25.581667,PENDING,,
562,3,Elena Rostova,Finance Officer,FINANCE_APPROVED,FinancialApproval,58,VENDOR_SELECTED,READY_FOR_PO,,"Finance Officer Elena Rostova approved budget of $48,500.00 for PR-2026-0087 (Vendor: ABC Technologies). Ready for PO creation.",,2026-10-01 18:02:25.623505,PENDING,,
563,4,Marcus Vance,Supply Chain Manager,PO_ISSUED,PurchaseOrder,181,READY_FOR_PO,Issued,,"User Marcus Vance created PO-2026-0181 for vendor ABC Technologies totaling $48,500.00 (Status: Issued).",,2026-10-01 18:02:25.696531,PENDING,,
564,21,ABC Technologies,Vendor,PO_ACCEPTED_BY_VENDOR,PurchaseOrder,181,Pending Acceptance,Accepted,,User ABC Technologies (Vendor) accepted PO PO-2026-0181 for vendor ABC Technologies.,,2026-10-01 18:02:25.725349,PENDING,,
565,4,Marcus Vance,Supply Chain Manager,DELIVERY_RECORDED,Delivery,163,In Transit,Delivered,,"Supply Chain Manager Marcus Vance recorded delivery for PO PO-2026-0181 (Vendor: ABC Technologies): Ordered 10.0, Delivered 10.0, Delay days: 0, Status: Delivered.",,2026-10-01 18:02:25.776150,PENDING,,
566,3,Elena Rostova,Finance Officer,INVOICE_3WAY_MATCH_VERIFIED,Invoice,161,INVOICE_RECEIVED,VERIFIED,,Finance Officer Elena Rostova verified 3-way match for invoice INV-2026-0161 against PO PO-2026-0181 and delivery.,,2026-10-01 18:02:25.862344,PENDING,,
567,3,Elena Rostova,Finance Officer,PAYMENT_PROCESSED_COMPLETED,Payment,28,VERIFIED,PAID,,"Finance Officer Elena Rostova processed payment of $48,500.00 via Corporate Electronic Transfer (Ref: TXN-BENCH-1790877745) for PO PO-2026-0181 (Vendor: ABC Technologies). Transaction completed.",,2026-10-01 18:02:25.900154,PENDING,,
568,79,Advanced Optics Rep,Vendor,USER_REGISTER_PENDING,User,79,NONE,PENDING,,User optics_1790877752@quantum-sensors.com registered with requested role Vendor. Awaiting Admin verification.,,2026-10-01 18:02:32.178914,PENDING,,
569,1,Admin User,Administrator,ADMIN_USER_APPROVED,User,79,PENDING,APPROVED,,Admin admin@vendor-iq.com approved user optics_1790877752@quantum-sensors.com with role Vendor,,2026-10-01 18:02:32.243995,PENDING,,
570,2,Sarah Jenkins,Procurement Manager,PR_CREATED,PurchaseRequisition,88,NONE,SUBMITTED,,"Procurement Manager Sarah Jenkins created PR PR-2026-0088 for department 'Manufacturing & Production': Industrial Metals, Polymers & Composites (Qty: 100.0, Budget: $12,000.00)",,2026-10-01 18:02:32.313770,PENDING,,
571,2,Sarah Jenkins,Procurement Manager,VENDOR_SELECTED,VendorSelection,75,SUBMITTED,VENDOR_SELECTED,,"Procurement Manager Sarah Jenkins selected David Chen (Raw Material Suppliers) for PR-2026-0088 with quotation $11,500.00. Justification: Selected based on 99.2% reliability score, competitive quotation, and certified quality standard.",,2026-10-01 18:02:32.337244,PENDING,,
572,3,Elena Rostova,Finance Officer,FINANCE_APPROVED,FinancialApproval,59,VENDOR_SELECTED,READY_FOR_PO,,"Finance Officer Elena Rostova approved budget of $11,500.00 for PR-2026-0088 (Vendor: David Chen). Ready for PO creation.",,2026-10-01 18:02:32.377437,PENDING,,
573,4,Marcus Vance,Supply Chain Manager,PO_CREATED_DRAFT,PurchaseOrder,182,READY_FOR_PO,Draft,,"User Marcus Vance created PO-2026-0182 for vendor David Chen totaling $11,500.00 (Status: Draft).",,2026-10-01 18:02:32.419394,PENDING,,
574,4,Marcus Vance,Supply Chain Manager,PO_ISSUED,PurchaseOrder,182,Draft,Issued,,Supply Chain Manager Marcus Vance issued PO PO-2026-0182 to David Chen.,,2026-10-01 18:02:32.440402,PENDING,,
575,5,David Chen,Vendor,PO_ACCEPTED_BY_VENDOR,PurchaseOrder,182,Pending Acceptance,Accepted,,User David Chen (Vendor) accepted PO PO-2026-0182 for vendor David Chen.,,2026-10-01 18:02:32.465986,PENDING,,
576,4,Marcus Vance,Supply Chain Manager,DELIVERY_RECORDED,Delivery,164,In Transit,Delivered,,"Supply Chain Manager Marcus Vance recorded delivery for PO PO-2026-0182 (Vendor: David Chen): Ordered 100.0, Delivered 100.0, Delay days: 0, Status: Delivered.",,2026-10-01 18:02:32.529541,PENDING,,
577,4,Marcus Vance,Supply Chain Manager,DELIVERY_CONFIRMED_COMPLETED,Delivery,164,Delivered,Completed,,Supply Chain Manager Marcus Vance confirmed completion of delivery for PO PO-2026-0182 (Vendor: David Chen). Notification dispatched to Finance Officer for 3-way match and payment.,,2026-10-01 18:02:32.564622,PENDING,,
578,3,Elena Rostova,Finance Officer,INVOICE_3WAY_MATCH_VERIFIED,Invoice,162,INVOICE_RECEIVED,VERIFIED,,Finance Officer Elena Rostova verified 3-way match for invoice INV-2026-0162 against PO PO-2026-0182 and delivery.,,2026-10-01 18:02:32.680326,PENDING,,
579,3,Elena Rostova,Finance Officer,PAYMENT_PROCESSED_COMPLETED,Payment,29,VERIFIED,PAID,,"Finance Officer Elena Rostova processed payment of $11,500.00 via Wire Transfer (Ref: WT-1790877752) for PO PO-2026-0182 (Vendor: David Chen). Transaction completed.",,2026-10-01 18:02:32.816007,PENDING,,
580,5,David Chen,Vendor,PO_ACCEPTED_BY_VENDOR,PurchaseOrder,1,Pending Acceptance,Accepted,,Vendor David Chen (David Chen) accepted Purchase Order PO-2026-0001.,,2026-10-03 14:48:00.151648,PENDING,,
581,5,David Chen,Vendor,PO_DELIVERY_STATUS_UPDATED,PurchaseOrder,1,Preparing,Preparing,,Vendor David Chen (David Chen) updated delivery status of PO PO-2026-0001 from 'Preparing' to 'Preparing'. Remarks: Shipment updated to Preparing,,2026-10-03 14:48:00.159708,PENDING,,
582,5,David Chen,Vendor,PO_DELIVERY_STATUS_UPDATED,PurchaseOrder,1,Preparing,Ready for Dispatch,,Vendor David Chen (David Chen) updated delivery status of PO PO-2026-0001 from 'Preparing' to 'Ready for Dispatch'. Remarks: Shipment updated to Ready for Dispatch,,2026-10-03 14:48:00.163198,PENDING,,
583,5,David Chen,Vendor,PO_DELIVERY_STATUS_UPDATED,PurchaseOrder,1,Ready for Dispatch,Dispatched,,Vendor David Chen (David Chen) updated delivery status of PO PO-2026-0001 from 'Ready for Dispatch' to 'Dispatched'. Remarks: Shipment updated to Dispatched,,2026-10-03 14:48:00.166475,PENDING,,
584,5,David Chen,Vendor,PO_DELIVERY_STATUS_UPDATED,PurchaseOrder,1,Dispatched,In Transit,,Vendor David Chen (David Chen) updated delivery status of PO PO-2026-0001 from 'Dispatched' to 'In Transit'. Remarks: Shipment updated to In Transit,,2026-10-03 14:48:00.174575,PENDING,,
585,5,David Chen,Vendor,PO_DELIVERY_STATUS_UPDATED,PurchaseOrder,1,In Transit,Delivered,,Vendor David Chen (David Chen) updated delivery status of PO PO-2026-0001 from 'In Transit' to 'Delivered'. Remarks: Shipment updated to Delivered,,2026-10-03 14:48:00.179515,PENDING,,
586,4,Marcus Vance,Supply Chain Manager,DELIVERY_CONFIRMED_COMPLETED,PurchaseOrder,1,Delivered,Delivery Confirmed,,Supply Chain Manager Marcus Vance confirmed delivery receipt for PO PO-2026-0001 (Vendor: David Chen). Notified Finance Officer for payment processing.,,2026-10-03 14:48:00.204033,PENDING,,
587,5,David Chen,Vendor,PO_REJECTED_BY_VENDOR,PurchaseOrder,1,Issued,Rejected,,Vendor David Chen (David Chen) rejected PO PO-2026-0001. Reason: Insufficient manufacturing capacity for this delivery schedule.,,2026-10-03 14:48:00.224416,PENDING,,
588,2,Sarah Jenkins,Procurement Manager,PR_CREATED,PurchaseRequisition,89,NONE,SUBMITTED,,"Procurement Manager Sarah Jenkins created PR PR-2026-0089 for department 'Procurement': keyboard (Qty: 50.0, Budget: $250,000.00)",,2026-10-03 17:32:24.932554,PENDING,,
589,2,Sarah Jenkins,Procurement Manager,VENDOR_SELECTED,VendorSelection,76,SUBMITTED,VENDOR_SELECTED,,"Procurement Manager Sarah Jenkins selected ABC Technologies (IT & Electronics) for PR-2026-0089 with quotation $250,000.00. Justification: Selected ABC Technologies (ABC Technologies Inc) based on verified category match 'IT & Electronics', Reliability Score 95.6/100, On-Time Delivery Rate 91.3%, and Medium operational risk rating for requirement PR-2026-0089.",,2026-10-03 17:33:35.612017,PENDING,,
590,3,Elena Rostova,Finance Officer,FINANCE_APPROVED,FinancialApproval,60,VENDOR_SELECTED,READY_FOR_PO,,"Finance Officer Elena Rostova approved budget of $250,000.00 for PR-2026-0089 (Vendor: ABC Technologies). Ready for PO creation.",,2026-10-03 17:33:47.431823,PENDING,,
591,4,Marcus Vance,Supply Chain Manager,PO_CREATED_DRAFT,PurchaseOrder,183,READY_FOR_PO,Draft,,"User Marcus Vance created PO-2026-0183 for vendor ABC Technologies totaling $250,000.00 (Status: Draft).",,2026-10-03 17:34:02.605811,PENDING,,
592,4,Marcus Vance,Supply Chain Manager,PO_ISSUED,PurchaseOrder,183,Draft,Issued,,Supply Chain Manager Marcus Vance issued PO PO-2026-0183 to ABC Technologies.,,2026-10-03 18:47:15.841057,PENDING,,
