id,user_id,target_role,title,message,type,is_read,reference_id,reference_type,created_at
1,2,Procurement Manager,New Requisition PR-2026-0001,IT Department requirement PR-2026-0001 (50 Laptops) requires vendor evaluation.,approval,1,,,2026-09-21 17:45:38.080536
2,3,Finance Officer,Financial Approval Required: PR-2026-0002,"Procurement Manager selected Acme Industrial for PR-2026-0002 ($39,500.00). Budget approval needed.",approval,0,,,2026-09-21 17:45:38.080540
3,4,Supply Chain Manager,Requisition Ready for PO: PR-2026-0003,PR-2026-0003 (Apex Semiconductor) has received financial approval. Ready for PO drafting.,order,0,,,2026-09-21 17:45:38.080543
4,5,Vendor,Purchase Order Issued: PO-2026-0001,"New PO-2026-0001 totaling $39,500.00 issued. Please review and accept.",order,0,,,2026-09-21 17:45:38.080545
5,6,Auditor,Completed Transaction: PO-2026-0004,"Transaction PO-2026-0004 ($54,000.00) completed payment remittance. Available for audit review.",approval,0,,,2026-09-21 17:45:38.080547
6,1,Administrator,New User Registration Verification,New Vendor registration: 'Precision Optics Rep' (Precision Optics Ltd) registered under category 'Equipment Vendors'. Awaiting Administrator verification.,registration,0,7,UserRegistration,2026-09-21 17:45:50.918146
7,7,,Account Approved,Welcome to Vendor Reliability & Risk Management System. Your account has been verified and approved with role 'Vendor'.,approval,0,7,User,2026-09-21 17:46:20.602488
8,1,Administrator,New User Registration Verification,New Vendor registration: 'Advanced Optics Rep' (Quantum Optics Labs) registered under category 'Equipment Vendors'. Awaiting Administrator verification.,registration,0,8,UserRegistration,2026-09-21 17:53:46.777917
9,8,,Account Approved,Welcome to Vendor Reliability & Risk Management System. Your account has been verified and approved with role 'Vendor'.,approval,0,8,User,2026-09-21 17:53:46.807288
10,2,Procurement Manager,Purchase Requisition Created,"Purchase Requisition PR-2026-0004 (High-Grade Industrial Fasteners, Qty: 100.0) created and ready for vendor evaluation.",approval,1,4,ProcurementRequest,2026-09-21 17:53:46.854501
11,1,Administrator,New User Registration Verification,New Vendor registration: 'Advanced Optics Rep' (Quantum Optics Labs) registered under category 'Equipment Vendors'. Awaiting Administrator verification.,registration,0,9,UserRegistration,2026-09-21 17:54:15.162732
12,9,,Account Approved,Welcome to Vendor Reliability & Risk Management System. Your account has been verified and approved with role 'Vendor'.,approval,0,9,User,2026-09-21 17:54:15.234306
13,2,Procurement Manager,Purchase Requisition Created,"Purchase Requisition PR-2026-0005 (High-Grade Industrial Fasteners, Qty: 100.0) created and ready for vendor evaluation.",approval,1,5,ProcurementRequest,2026-09-21 17:54:15.315347
14,3,Finance Officer,Vendor Selection Awaiting Financial Approval,"Vendor selection for PR-2026-0005 (Selected Vendor: Acme Industrial Supplies, Quotation: $11,500.00) requires financial approval.",approval,0,5,VendorSelection,2026-09-21 17:54:15.358913
15,1,Administrator,New User Registration Verification,New Vendor registration: 'Advanced Optics Rep' (Quantum Optics Labs) registered under category 'Equipment Vendors'. Awaiting Administrator verification.,registration,0,10,UserRegistration,2026-09-21 17:54:32.051482
16,10,,Account Approved,Welcome to Vendor Reliability & Risk Management System. Your account has been verified and approved with role 'Vendor'.,approval,0,10,User,2026-09-21 17:54:32.103946
17,2,Procurement Manager,Purchase Requisition Created,"Purchase Requisition PR-2026-0006 (High-Grade Industrial Fasteners, Qty: 100.0) created and ready for vendor evaluation.",approval,1,6,ProcurementRequest,2026-09-21 17:54:32.169796
18,3,Finance Officer,Vendor Selection Awaiting Financial Approval,"Vendor selection for PR-2026-0006 (Selected Vendor: Acme Industrial Supplies, Quotation: $11,500.00) requires financial approval.",approval,0,6,VendorSelection,2026-09-21 17:54:32.199757
19,1,Administrator,New User Registration Verification,New Vendor registration: 'Advanced Optics Rep' (Quantum Optics Labs) registered under category 'Equipment Vendors'. Awaiting Administrator verification.,registration,0,11,UserRegistration,2026-09-21 17:54:57.769548
20,11,,Account Approved,Welcome to Vendor Reliability & Risk Management System. Your account has been verified and approved with role 'Vendor'.,approval,0,11,User,2026-09-21 17:54:57.819281
21,2,Procurement Manager,Purchase Requisition Created,"Purchase Requisition PR-2026-0007 (High-Grade Industrial Fasteners, Qty: 100.0) created and ready for vendor evaluation.",approval,1,7,ProcurementRequest,2026-09-21 17:54:57.883800
22,3,Finance Officer,Vendor Selection Awaiting Financial Approval,"Vendor selection for PR-2026-0007 (Selected Vendor: Acme Industrial Supplies, Quotation: $11,500.00) requires financial approval.",approval,0,7,VendorSelection,2026-09-21 17:54:57.918812
23,4,Supply Chain Manager,Vendor Selection Financially Approved,"Financially approved vendor selection for PR-2026-0007 (Acme Industrial Supplies, Allocated Budget: $11,500.00) is ready for PO creation.",order,0,7,ProcurementRequest,2026-09-21 17:54:57.956071
24,1,Administrator,New User Registration Verification,New Vendor registration: 'Advanced Optics Rep' (Quantum Optics Labs) registered under category 'Equipment Vendors'. Awaiting Administrator verification.,registration,0,12,UserRegistration,2026-09-21 17:55:45.614688
25,12,,Account Approved,Welcome to Vendor Reliability & Risk Management System. Your account has been verified and approved with role 'Vendor'.,approval,0,12,User,2026-09-21 17:55:45.670299
26,2,Procurement Manager,Purchase Requisition Created,"Purchase Requisition PR-2026-0008 (High-Grade Industrial Fasteners, Qty: 100.0) created and ready for vendor evaluation.",approval,1,8,ProcurementRequest,2026-09-21 17:55:45.730028
27,3,Finance Officer,Vendor Selection Awaiting Financial Approval,"Vendor selection for PR-2026-0008 (Selected Vendor: Acme Industrial Supplies, Quotation: $11,500.00) requires financial approval.",approval,0,8,VendorSelection,2026-09-21 17:55:45.757114
28,4,Supply Chain Manager,Vendor Selection Financially Approved,"Financially approved vendor selection for PR-2026-0008 (Acme Industrial Supplies, Allocated Budget: $11,500.00) is ready for PO creation.",order,0,8,ProcurementRequest,2026-09-21 17:55:45.794421
29,5,,New Purchase Order Issued,"Purchase Order PO-2026-0007 (Total: $11,500.00) has been issued to your enterprise. Please review and accept.",order,0,7,PurchaseOrder,2026-09-21 17:55:45.852228
30,1,Administrator,New User Registration Verification,New Vendor registration: 'Advanced Optics Rep' (Quantum Optics Labs) registered under category 'Equipment Vendors'. Awaiting Administrator verification.,registration,0,13,UserRegistration,2026-09-21 17:56:17.089944
31,13,,Account Approved,Welcome to Vendor Reliability & Risk Management System. Your account has been verified and approved with role 'Vendor'.,approval,0,13,User,2026-09-21 17:56:17.152068
32,2,Procurement Manager,Purchase Requisition Created,"Purchase Requisition PR-2026-0009 (High-Grade Industrial Fasteners, Qty: 100.0) created and ready for vendor evaluation.",approval,1,9,ProcurementRequest,2026-09-21 17:56:17.221029
33,3,Finance Officer,Vendor Selection Awaiting Financial Approval,"Vendor selection for PR-2026-0009 (Selected Vendor: Acme Industrial Supplies, Quotation: $11,500.00) requires financial approval.",approval,0,9,VendorSelection,2026-09-21 17:56:17.253174
34,4,Supply Chain Manager,Vendor Selection Financially Approved,"Financially approved vendor selection for PR-2026-0009 (Acme Industrial Supplies, Allocated Budget: $11,500.00) is ready for PO creation.",order,0,9,ProcurementRequest,2026-09-21 17:56:17.288719
35,5,,New Purchase Order Issued,"Purchase Order PO-2026-0008 (Total: $11,500.00) has been issued to your enterprise. Please review and accept.",order,0,8,PurchaseOrder,2026-09-21 17:56:17.342686
36,4,Supply Chain Manager,Vendor Accepted Purchase Order,Vendor Acme Industrial Supplies accepted Purchase Order PO-2026-0008.,order,0,8,PurchaseOrder,2026-09-21 17:56:17.366836
37,1,Administrator,New User Registration Verification,New Vendor registration: 'Advanced Optics Rep' (Quantum Optics Labs) registered under category 'Equipment Vendors'. Awaiting Administrator verification.,registration,0,14,UserRegistration,2026-09-21 17:57:03.901736
38,14,,Account Approved,Welcome to Vendor Reliability & Risk Management System. Your account has been verified and approved with role 'Vendor'.,approval,0,14,User,2026-09-21 17:57:03.956382
39,2,Procurement Manager,Purchase Requisition Created,"Purchase Requisition PR-2026-0010 (High-Grade Industrial Fasteners, Qty: 100.0) created and ready for vendor evaluation.",approval,1,10,ProcurementRequest,2026-09-21 17:57:04.023953
40,3,Finance Officer,Vendor Selection Awaiting Financial Approval,"Vendor selection for PR-2026-0010 (Selected Vendor: Acme Industrial Supplies, Quotation: $11,500.00) requires financial approval.",approval,0,10,VendorSelection,2026-09-21 17:57:04.056391
41,4,Supply Chain Manager,Vendor Selection Financially Approved,"Financially approved vendor selection for PR-2026-0010 (Acme Industrial Supplies, Allocated Budget: $11,500.00) is ready for PO creation.",order,0,10,ProcurementRequest,2026-09-21 17:57:04.090642
42,5,,New Purchase Order Issued,"Purchase Order PO-2026-0009 (Total: $11,500.00) has been issued to your enterprise. Please review and accept.",order,0,9,PurchaseOrder,2026-09-21 17:57:04.155963
43,4,Supply Chain Manager,Vendor Accepted Purchase Order,Vendor Acme Industrial Supplies accepted Purchase Order PO-2026-0009.,order,0,9,PurchaseOrder,2026-09-21 17:57:04.186615
44,3,Finance Officer,Delivery Recorded - Invoice Ready for Verification,"Delivery recorded for PO-2026-0009 (Delivered, Delivered: 100.0/100.0). Invoice ready for 3-way matching and verification.",approval,0,9,PurchaseOrder,2026-09-21 17:57:04.241317
45,3,Finance Officer,Delivery Completed - Payment Processing Required,Supply Chain confirmed 100% delivery completion for PO PO-2026-0009. Invoice INV-2026-0004 is ready for 3-way match verification and payment disbursement.,approval,0,9,PurchaseOrder,2026-09-21 17:57:04.301447
46,6,Auditor,Transaction Completed - Audit Ready,"Transaction PO-2026-0009 (Invoice INV-2026-0004, Amount: $11,500.00) has been paid and is ready for audit review.",approval,0,9,PurchaseOrder,2026-09-21 17:57:04.364870
47,5,,Payment Remittance Processed,"Payment of $11,500.00 for PO-2026-0009 (Ref: WT-2026-99120) has been disbursed.",system,0,2,Payment,2026-09-21 17:57:04.367110
48,1,Administrator,New User Registration Verification,New Vendor registration: 'Advanced Optics Rep' (Advanced Optics Rep) registered under category 'Equipment Vendors'. Awaiting Administrator verification.,registration,0,15,UserRegistration,2026-09-21 18:05:36.481987
49,15,,Account Approved,Welcome to Vendor Reliability & Risk Management System. Your account has been verified and approved with role 'Vendor'.,approval,0,15,User,2026-09-21 18:05:36.536178
50,2,Procurement Manager,Purchase Requisition Created,"Purchase Requisition PR-2026-0011 (High-Grade Industrial Fasteners, Qty: 100.0) created and ready for vendor evaluation.",approval,1,11,ProcurementRequest,2026-09-21 18:05:36.600949
51,3,Finance Officer,Vendor Selection Awaiting Financial Approval,"Vendor selection for PR-2026-0011 (Selected Vendor: Acme Industrial Supplies, Quotation: $11,500.00) requires financial approval.",approval,0,11,VendorSelection,2026-09-21 18:05:36.638277
52,4,Supply Chain Manager,Vendor Selection Financially Approved,"Financially approved vendor selection for PR-2026-0011 (Acme Industrial Supplies, Allocated Budget: $11,500.00) is ready for PO creation.",order,0,11,ProcurementRequest,2026-09-21 18:05:36.674210
53,5,,New Purchase Order Issued,"Purchase Order PO-2026-0010 (Total: $11,500.00) has been issued to your enterprise. Please review and accept.",order,0,10,PurchaseOrder,2026-09-21 18:05:36.736334
54,4,Supply Chain Manager,Vendor Accepted Purchase Order,Vendor Acme Industrial Supplies accepted Purchase Order PO-2026-0010.,order,0,10,PurchaseOrder,2026-09-21 18:05:36.759617
55,3,Finance Officer,Delivery Recorded - Invoice Ready for Verification,"Delivery recorded for PO-2026-0010 (Delivered, Delivered: 100.0/100.0). Invoice ready for 3-way matching and verification.",approval,0,10,PurchaseOrder,2026-09-21 18:05:36.802311
56,3,Finance Officer,Delivery Completed - Payment Processing Required,Supply Chain confirmed 100% delivery completion for PO PO-2026-0010. Invoice INV-2026-0005 is ready for 3-way match verification and payment disbursement.,approval,0,10,PurchaseOrder,2026-09-21 18:05:36.833126
57,6,Auditor,Transaction Completed - Audit Ready,"Transaction PO-2026-0010 (Invoice INV-2026-0005, Amount: $11,500.00) has been paid and is ready for audit review.",approval,0,10,PurchaseOrder,2026-09-21 18:06:26.750187
58,5,,Payment Remittance Processed,"Payment of $11,500.00 for PO-2026-0010 (Ref: WT-DEBUG-001) has been disbursed.",system,0,3,Payment,2026-09-21 18:06:26.753231
59,1,Administrator,New User Registration Verification,New Vendor registration: 'Advanced Optics Rep' (Advanced Optics Rep) registered under category 'Equipment Vendors'. Awaiting Administrator verification.,registration,0,16,UserRegistration,2026-09-21 18:06:45.243614
60,16,,Account Approved,Welcome to Vendor Reliability & Risk Management System. Your account has been verified and approved with role 'Vendor'.,approval,0,16,User,2026-09-21 18:06:45.288264
61,2,Procurement Manager,Purchase Requisition Created,"Purchase Requisition PR-2026-0012 (High-Grade Industrial Fasteners, Qty: 100.0) created and ready for vendor evaluation.",approval,1,12,ProcurementRequest,2026-09-21 18:06:45.344885
62,3,Finance Officer,Vendor Selection Awaiting Financial Approval,"Vendor selection for PR-2026-0012 (Selected Vendor: Acme Industrial Supplies, Quotation: $11,500.00) requires financial approval.",approval,0,12,VendorSelection,2026-09-21 18:06:45.380936
63,4,Supply Chain Manager,Vendor Selection Financially Approved,"Financially approved vendor selection for PR-2026-0012 (Acme Industrial Supplies, Allocated Budget: $11,500.00) is ready for PO creation.",order,0,12,ProcurementRequest,2026-09-21 18:06:45.411388
64,5,,New Purchase Order Issued,"Purchase Order PO-2026-0011 (Total: $11,500.00) has been issued to your enterprise. Please review and accept.",order,0,11,PurchaseOrder,2026-09-21 18:06:45.465906
65,4,Supply Chain Manager,Vendor Accepted Purchase Order,Vendor Acme Industrial Supplies accepted Purchase Order PO-2026-0011.,order,0,11,PurchaseOrder,2026-09-21 18:06:45.487175
66,3,Finance Officer,Delivery Recorded - Invoice Ready for Verification,"Delivery recorded for PO-2026-0011 (Delivered, Delivered: 100.0/100.0). Invoice ready for 3-way matching and verification.",approval,0,11,PurchaseOrder,2026-09-21 18:06:45.522800
67,3,Finance Officer,Delivery Completed - Payment Processing Required,Supply Chain confirmed 100% delivery completion for PO PO-2026-0011. Invoice INV-2026-0006 is ready for 3-way match verification and payment disbursement.,approval,0,11,PurchaseOrder,2026-09-21 18:06:45.550542
68,6,Auditor,Transaction Completed - Audit Ready,"Transaction PO-2026-0011 (Invoice INV-2026-0006, Amount: $11,500.00) has been paid and is ready for audit review.",approval,0,11,PurchaseOrder,2026-09-21 18:06:45.616282
69,5,,Payment Remittance Processed,"Payment of $11,500.00 for PO-2026-0011 (Ref: WT-1790014005) has been disbursed.",system,0,4,Payment,2026-09-21 18:06:45.618382
70,1,Administrator,New User Registration Verification,New Vendor registration: 'Manikanta' (Manikanta) registered under category 'Service Providers'. Awaiting Administrator verification.,registration,0,17,UserRegistration,2026-09-22 11:26:38.248349
71,17,,Account Approved,Welcome to Vendor Reliability & Risk Management System. Your account has been verified and approved with role 'Vendor'.,approval,0,17,User,2026-09-22 11:27:34.518858
72,2,Procurement Manager,Purchase Requisition Created,"Purchase Requisition PR-2026-0013 (Annual AC Maintenance, Qty: 5.0) created and ready for vendor evaluation.",approval,1,13,ProcurementRequest,2026-09-22 11:30:54.270847
73,2,Procurement Manager,Purchase Requisition Created,"Purchase Requisition PR-2026-0014 (srews for the computers, Qty: 10.0) created and ready for vendor evaluation.",approval,1,14,ProcurementRequest,2026-09-22 12:02:12.235296
74,2,Procurement Manager,Purchase Requirement PR-001 Submitted,"Requirement PR-001 (50 Laptops, Category: IT & Electronics) requires vendor evaluation.",approval,1,,,2026-09-22 12:12:02.899223
75,3,Finance Officer,Pending Financial Approvals,Finance dashboard ready for vendor selection budget verifications.,approval,0,,,2026-09-22 12:12:02.899227
76,4,Supply Chain Manager,Supply Chain Command Center,PO dispatch and delivery tracking active.,order,0,,,2026-09-22 12:12:02.899229
77,5,Vendor,Vendor Portal Operational,Your vendor profile is active and verified by Administrator.,order,0,,,2026-09-22 12:12:02.899231
78,6,Auditor,Audit Ledger Ready,System audit logging enabled for all procurement events.,approval,0,,,2026-09-22 12:12:02.899232
79,3,Finance Officer,Vendor Selection Awaiting Financial Approval,"Vendor selection for PR-001 (ABC Technologies, Quote: $2,450,000.00) requires financial approval.",approval,0,15,VendorSelection,2026-09-22 12:14:44.805526
80,2,Procurement Manager,Purchase Requisition Created,"Purchase Requisition PR-2026-0018 (Laptop, Qty: 50.0) created and ready for vendor evaluation.",approval,1,18,ProcurementRequest,2026-09-22 12:15:35.764019
81,2,Procurement Manager,Purchase Requisition Created,"Purchase Requisition PR-2026-0019 (Laptop, Qty: 50.0) created and ready for vendor evaluation.",approval,1,19,ProcurementRequest,2026-09-22 12:16:05.034765
82,3,Finance Officer,Vendor Selection Awaiting Financial Approval,"Vendor selection for PR-2026-0019 (ABC Technologies, Quote: $2,450,000.00) requires financial approval.",approval,0,19,VendorSelection,2026-09-22 12:16:05.192222
83,2,Procurement Manager,Purchase Requisition Created,"Purchase Requisition PR-2026-0020 (Laptop, Qty: 50.0) created and ready for vendor evaluation.",approval,1,20,ProcurementRequest,2026-09-22 12:16:20.552947
84,3,Finance Officer,Vendor Selection Awaiting Financial Approval,"Vendor selection for PR-2026-0020 (ABC Technologies, Quote: $2,450,000.00) requires financial approval.",approval,0,20,VendorSelection,2026-09-22 12:16:20.710759
85,1,Administrator,New User Registration Verification,New user registration for Approve Candidate (user.approve.1790079391771@vendor-iq.com) with requested role 'Requesting User' requires verification.,registration,0,18,UserRegistration,2026-09-22 12:16:31.786632
86,1,Administrator,New User Registration Verification,New user registration for Reject Candidate (user.reject.1790079391771@vendor-iq.com) with requested role 'Procurement Manager' requires verification.,registration,0,19,UserRegistration,2026-09-22 12:16:31.800286
87,2,Procurement Manager,Purchase Requisition Created,"Purchase Requisition PR-2026-0021 (Laptop, Qty: 50.0) created and ready for vendor evaluation.",approval,1,21,ProcurementRequest,2026-09-22 12:30:14.852265
88,3,Finance Officer,Vendor Selection Awaiting Financial Approval,"Vendor selection for PR-2026-0021 (ABC Technologies, Quote: $2,450,000.00) requires financial approval.",approval,0,21,VendorSelection,2026-09-22 12:30:15.009648
89,1,Administrator,New User Registration Verification,New user registration for Approve Candidate (user.approve.1790080227487@vendor-iq.com) with requested role 'Requesting User' requires verification.,registration,0,18,UserRegistration,2026-09-22 12:30:27.500683
90,1,Administrator,New User Registration Verification,New user registration for Reject Candidate (user.reject.1790080227487@vendor-iq.com) with requested role 'Procurement Manager' requires verification.,registration,0,19,UserRegistration,2026-09-22 12:30:27.514232
91,2,Procurement Manager,Purchase Requisition Created,"Purchase Requisition PR-2026-0022 (Laptop, Qty: 50.0) created and ready for vendor evaluation.",approval,1,22,ProcurementRequest,2026-09-22 13:40:17.129283
92,3,Finance Officer,Vendor Selection Awaiting Financial Approval,"Vendor selection for PR-2026-0022 (ABC Technologies, Quote: $2,450,000.00) requires financial approval.",approval,0,22,VendorSelection,2026-09-22 13:40:17.347061
93,1,Administrator,New User Registration Verification,New user registration for Approve Candidate (user.approve.1790084428475@vendor-iq.com) with requested role 'Requesting User' requires verification.,registration,0,18,UserRegistration,2026-09-22 13:40:28.496552
94,1,Administrator,New User Registration Verification,New user registration for Reject Candidate (user.reject.1790084428475@vendor-iq.com) with requested role 'Procurement Manager' requires verification.,registration,0,19,UserRegistration,2026-09-22 13:40:28.516378
95,1,Administrator,New User Registration Verification,New Vendor registration: 'yashwanth' (yashwanth) registered under category 'IT & Electronics'. Awaiting Administrator verification.,registration,0,18,UserRegistration,2026-09-22 13:43:20.452128
96,18,,Account Approved,Welcome to Vendor Reliability & Risk Management System. Your account has been verified and approved with role 'Vendor'.,approval,0,18,User,2026-09-22 13:44:15.474772
97,2,Procurement Manager,Purchase Requisition Created,"Purchase Requisition PR-2026-0023 (Laptop, Qty: 50.0) created and ready for vendor evaluation.",approval,1,23,ProcurementRequest,2026-09-22 13:45:20.266749
98,2,Procurement Manager,Purchase Requisition Created,"Purchase Requisition PR-2026-0024 (Laptop, Qty: 50.0) created and ready for vendor evaluation.",approval,1,24,ProcurementRequest,2026-09-22 13:57:49.103584
99,3,Finance Officer,Vendor Selection Awaiting Financial Approval,"Vendor selection for PR-2026-0024 (ABC Technologies, Quote: $2,450,000.00) requires financial approval.",approval,0,24,VendorSelection,2026-09-22 13:57:49.398800
100,2,Procurement Manager,Purchase Requisition Created,"Purchase Requisition PR-2026-0025 (Laptop, Qty: 50.0) created and ready for vendor evaluation.",approval,1,25,ProcurementRequest,2026-09-22 13:58:03.339805
101,3,Finance Officer,Vendor Selection Awaiting Financial Approval,"Vendor selection for PR-2026-0025 (yashwanth, Quote: $2,400,000.00) requires financial approval.",approval,0,25,VendorSelection,2026-09-22 13:58:03.495334
102,2,Procurement Manager,Purchase Requisition Created,"Purchase Requisition PR-2026-0026 (Laptop, Qty: 50.0) created and ready for vendor evaluation.",approval,1,26,ProcurementRequest,2026-09-22 13:58:44.524302
103,3,Finance Officer,Vendor Selection Awaiting Financial Approval,"Vendor selection for PR-2026-0026 (yashwanth, Quote: $2,450,000.00) requires financial approval.",approval,0,26,VendorSelection,2026-09-22 13:58:44.692764
104,2,Procurement Manager,Purchase Requisition Created,"Purchase Requisition PR-2026-0027 (Laptop, Qty: 50.0) created and ready for vendor evaluation.",approval,1,27,ProcurementRequest,2026-09-22 13:59:16.957595
105,3,Finance Officer,Vendor Selection Awaiting Financial Approval,"Vendor selection for PR-2026-0027 (ABC Technologies, Quote: $2,450,000.00) requires financial approval.",approval,0,27,VendorSelection,2026-09-22 13:59:17.224018
106,3,Finance Officer,Vendor Selection Awaiting Financial Approval,"Vendor selection for PR-2026-0023 (yashwanth, Quote: $2,500,000.00) requires financial approval.",approval,0,23,VendorSelection,2026-09-22 13:59:23.055578
107,4,Supply Chain Manager,Vendor Selection Financially Approved,"Financially approved vendor selection for PR-2026-0023 (yashwanth, Allocated Budget: $2,500,000.00) is ready for PO creation.",order,0,23,ProcurementRequest,2026-09-22 14:01:02.635686
108,4,Supply Chain Manager,Vendor Selection Financially Approved,"Financially approved vendor selection for PR-2026-0026 (yashwanth, Allocated Budget: $2,450,000.00) is ready for PO creation.",order,0,26,ProcurementRequest,2026-09-22 14:33:50.306980
109,4,Supply Chain Manager,Vendor Selection Financially Approved,"Financially approved vendor selection for PR-2026-0025 (yashwanth, Allocated Budget: $2,400,000.00) is ready for PO creation.",order,0,25,ProcurementRequest,2026-09-22 14:34:08.052086
110,4,Supply Chain Manager,Vendor Accepted Purchase Order,Vendor yashwanth accepted Purchase Order PO-2026-0136.,order,0,136,PurchaseOrder,2026-09-22 14:35:21.491483
111,4,Supply Chain Manager,Shipment Dispatched - In Transit,Order PO-2026-0136 dispatched by yashwanth via DHL Express Freight (Tracking: DHL-7758690). Ready for delivery tracking.,order,0,136,PurchaseOrder,2026-09-22 14:36:00.687402
112,3,Finance Officer,Delivery Recorded - Invoice Ready for Verification,"Delivery recorded for PO-2026-0136 (Delivered, Delivered: 100.0/100.0). Invoice ready for 3-way matching and verification.",approval,0,136,PurchaseOrder,2026-09-22 14:36:57.902350
113,6,Auditor,Transaction Completed - Audit Ready,"Transaction PO-2026-0136 (Invoice INV-2026-0130, Amount: $2,450,000.00) has been paid and is ready for audit review.",approval,0,136,PurchaseOrder,2026-09-22 14:38:37.941654
114,18,,Payment Remittance Processed,"Payment of $2,450,000.00 for PO-2026-0136 (Ref: EFT-TX-915975) has been disbursed.",system,0,5,Payment,2026-09-22 14:38:37.945005
115,2,Procurement Manager,Purchase Requisition Created,"Purchase Requisition PR-2026-0031 (Laptop, Qty: 50.0) created and ready for vendor evaluation.",approval,1,31,ProcurementRequest,2026-09-22 16:06:45.078372
116,3,Finance Officer,Vendor Selection Awaiting Financial Approval,"Vendor selection for PR-2026-0031 (ABC Technologies, Quote: $2,450,000.00) requires financial approval.",approval,0,31,VendorSelection,2026-09-22 16:06:45.257424
117,3,Finance Officer,Vendor Selection Awaiting Financial Approval,"Vendor selection for PR-2026-0013 (Manikanta, Quote: $15,000.00) requires financial approval.",approval,0,13,VendorSelection,2026-09-22 16:06:51.962231
118,1,Administrator,New User Registration Verification,New user registration for Approve Candidate (user.approve.1790093220505@vendor-iq.com) with requested role 'Requesting User' requires verification.,registration,0,19,UserRegistration,2026-09-22 16:07:00.519568
119,1,Administrator,New User Registration Verification,New user registration for Reject Candidate (user.reject.1790093220505@vendor-iq.com) with requested role 'Procurement Manager' requires verification.,registration,0,20,UserRegistration,2026-09-22 16:07:00.532648
120,4,Supply Chain Manager,Vendor Selection Financially Approved,"Financially approved vendor selection for PR-2026-0013 (Manikanta, Allocated Budget: $15,000.00) is ready for PO creation.",order,0,13,ProcurementRequest,2026-09-22 16:09:00.909542
121,3,Finance Officer,Vendor Selection Awaiting Financial Approval,"Vendor selection for PR-2026-0018 (yashwanth, Quote: $2,500,000.00) requires financial approval.",approval,0,18,VendorSelection,2026-09-22 17:33:39.917622
122,4,Supply Chain Manager,Vendor Selection Financially Approved,"Financially approved vendor selection for PR-2026-0018 (yashwanth, Allocated Budget: $250,000.00) is ready for PO creation.",order,0,18,ProcurementRequest,2026-09-22 17:35:16.682964
123,4,Supply Chain Manager,Vendor Accepted Purchase Order,Vendor yashwanth accepted Purchase Order PO-2026-0140.,order,0,140,PurchaseOrder,2026-09-22 17:37:06.457156
124,3,Finance Officer,Delivery Completed - Payment Processing Required,Supply Chain confirmed 100% delivery completion for PO PO-2026-0136. Invoice INV-2026-0130 is ready for 3-way match verification and payment disbursement.,approval,0,136,PurchaseOrder,2026-09-22 17:38:10.887815
125,3,Finance Officer,Delivery Completed - Payment Processing Required,Supply Chain confirmed 100% delivery completion for PO PO-2026-0136. Invoice INV-2026-0130 is ready for 3-way match verification and payment disbursement.,approval,0,136,PurchaseOrder,2026-09-22 17:38:12.929950
126,3,Finance Officer,Delivery Completed - Payment Processing Required,Supply Chain confirmed 100% delivery completion for PO PO-TEST-20260922160631. Invoice INV-TEST-20260922160631 is ready for 3-way match verification and payment disbursement.,approval,0,138,PurchaseOrder,2026-09-22 17:50:00.489733
127,3,Finance Officer,Delivery Completed - Payment Processing Required,Supply Chain confirmed 100% delivery completion for PO PO-TEST-20260922160631. Invoice INV-TEST-20260922160631 is ready for 3-way match verification and payment disbursement.,approval,0,138,PurchaseOrder,2026-09-22 17:50:04.212250
128,2,Procurement Manager,Purchase Requisition Created,"Purchase Requisition PR-2026-0032 (laptop service, Qty: 50.0) created and ready for vendor evaluation.",approval,1,32,ProcurementRequest,2026-09-22 18:04:22.348774
129,3,Finance Officer,Vendor Selection Awaiting Financial Approval,"Vendor selection for PR-2026-0032 (Manikanta, Quote: $2,500.00) requires financial approval.",approval,0,32,VendorSelection,2026-09-22 18:04:51.285805
130,4,Supply Chain Manager,Vendor Selection Financially Approved,"Financially approved vendor selection for PR-2026-0032 (Manikanta, Allocated Budget: $2,500.00) is ready for PO creation.",order,0,32,ProcurementRequest,2026-09-22 18:05:19.345101
131,3,Finance Officer,Delivery Recorded - Invoice Ready for Verification,"Delivery recorded for PO-2026-0140 (Delivered, Delivered: 100.0/100.0). Invoice ready for 3-way matching and verification.",approval,0,140,PurchaseOrder,2026-09-22 18:13:57.852651
132,6,Auditor,Transaction Completed - Audit Ready,"Transaction PO-2026-0140 (Invoice INV-2026-0132, Amount: $2,500,000.00) has been paid and is ready for audit review.",approval,0,140,PurchaseOrder,2026-09-22 18:14:36.470799
133,18,,Payment Remittance Processed,"Payment of $2,500,000.00 for PO-2026-0140 (Ref: EFT-TX-872665) has been disbursed.",system,0,6,Payment,2026-09-22 18:14:36.475622
134,2,Procurement Manager,Purchase Requisition Created,"Purchase Requisition PR-2026-0033 (PHONES, Qty: 31.0) created and ready for vendor evaluation.",approval,1,33,ProcurementRequest,2026-09-22 18:16:25.138004
135,3,Finance Officer,Vendor Selection Awaiting Financial Approval,"Vendor selection for PR-2026-0033 (yashwanth, Quote: $49,977.00) requires financial approval.",approval,0,33,VendorSelection,2026-09-22 18:17:04.476440
136,4,Supply Chain Manager,Vendor Selection Financially Approved,"Financially approved vendor selection for PR-2026-0033 (yashwanth, Allocated Budget: $49,977.00) is ready for PO creation.",order,0,33,ProcurementRequest,2026-09-22 18:17:20.137846
137,18,,New Purchase Order Issued,"Purchase Order PO-2026-0142 (Total: $49,977.00) has been issued to your enterprise. Please review and accept.",order,0,142,PurchaseOrder,2026-09-22 18:17:51.283651
138,3,Finance Officer,Delivery Recorded - Invoice Ready for Verification,"Delivery recorded for PO-2026-0142 (Delayed, Delivered: 100.0/100.0). Invoice ready for 3-way matching and verification.",approval,0,142,PurchaseOrder,2026-09-22 18:18:46.810798
139,3,Finance Officer,Delivery Completed - Payment Processing Required,Supply Chain confirmed 100% delivery completion for PO PO-2026-0142. Invoice INV-2026-0133 is ready for 3-way match verification and payment disbursement.,approval,0,142,PurchaseOrder,2026-09-22 18:19:42.703069
140,3,Finance Officer,Delivery Completed - Payment Processing Required,Supply Chain confirmed 100% delivery completion for PO PO-2026-0142. Invoice INV-2026-0133 is ready for 3-way match verification and payment disbursement.,approval,0,142,PurchaseOrder,2026-09-22 18:19:47.439101
141,2,Procurement Manager,Purchase Requisition Created,"Purchase Requisition PR-2026-0034 (Laptop, Qty: 50.0) created and ready for vendor evaluation.",approval,1,34,ProcurementRequest,2026-09-23 12:00:39.143349
142,3,Finance Officer,Vendor Selection Awaiting Financial Approval,"Vendor selection for PR-2026-0034 (ABC Technologies, Quote: $2,450,000.00) requires financial approval.",approval,0,34,VendorSelection,2026-09-23 12:00:39.289194
143,1,Administrator,New User Registration Verification,New user registration for Approve Candidate (user.approve.1790164849186@vendor-iq.com) with requested role 'Requesting User' requires verification.,registration,0,19,UserRegistration,2026-09-23 12:00:49.195899
144,1,Administrator,New User Registration Verification,New user registration for Reject Candidate (user.reject.1790164849186@vendor-iq.com) with requested role 'Procurement Manager' requires verification.,registration,0,20,UserRegistration,2026-09-23 12:00:49.204731
145,2,Procurement Manager,Purchase Requisition Created,"Purchase Requisition PR-2026-0036 (Laptop, Qty: 50.0) created and ready for vendor evaluation.",approval,1,36,ProcurementRequest,2026-09-23 12:24:20.667278
146,3,Finance Officer,Vendor Selection Awaiting Financial Approval,"Vendor selection for PR-2026-0036 (ABC Technologies, Quote: $2,450,000.00) requires financial approval.",approval,0,36,VendorSelection,2026-09-23 12:24:20.794177
147,2,Procurement Manager,Purchase Requisition Created,"Purchase Requisition PR-2026-0037 (Laptop, Qty: 50.0) created and ready for vendor evaluation.",approval,1,37,ProcurementRequest,2026-09-23 12:24:24.990362
148,3,Finance Officer,Vendor Selection Awaiting Financial Approval,"Vendor selection for PR-2026-0037 (Manikanta, Quote: $2,500.00) requires financial approval.",approval,0,37,VendorSelection,2026-09-23 12:25:00.138283
149,1,Administrator,New User Registration Verification,New user registration for Approve Candidate (user.approve.1790166307334@vendor-iq.com) with requested role 'Requesting User' requires verification.,registration,0,19,UserRegistration,2026-09-23 12:25:07.364226
150,1,Administrator,New User Registration Verification,New user registration for Reject Candidate (user.reject.1790166307334@vendor-iq.com) with requested role 'Procurement Manager' requires verification.,registration,0,20,UserRegistration,2026-09-23 12:25:07.377153
151,4,Supply Chain Manager,Vendor Selection Financially Approved,"Financially approved vendor selection for PR-2026-0037 (Manikanta, Allocated Budget: $2,500.00) is ready for PO creation.",order,0,37,ProcurementRequest,2026-09-23 12:25:35.788587
152,4,Supply Chain Manager,Shipment Dispatched - In Transit,Order PO-2026-0145 dispatched by Manikanta via DHL Express Freight (Tracking: DHL-6443835). Ready for delivery tracking.,order,0,145,PurchaseOrder,2026-09-23 12:27:26.311670
153,3,Finance Officer,Delivery Recorded - Invoice Ready for Verification,"Delivery recorded for PO-2026-0145 (Delivered, Delivered: 100.0/100.0). Invoice ready for 3-way matching and verification.",approval,0,145,PurchaseOrder,2026-09-23 12:28:14.056150
154,3,Finance Officer,Delivery Completed - Payment Processing Required,Supply Chain confirmed 100% delivery completion for PO PO-2026-0145. Invoice INV-2026-0136 is ready for 3-way match verification and payment disbursement.,approval,0,145,PurchaseOrder,2026-09-23 12:28:33.079345
155,3,Finance Officer,Delivery Completed - Payment Processing Required,Supply Chain confirmed 100% delivery completion for PO PO-2026-0145. Invoice INV-2026-0136 is ready for 3-way match verification and payment disbursement.,approval,0,145,PurchaseOrder,2026-09-23 12:28:35.112205
156,6,Auditor,Transaction Completed - Audit Ready,"Transaction PO-2026-0145 (Invoice INV-2026-0136, Amount: $2,500.00) has been paid and is ready for audit review.",approval,0,145,PurchaseOrder,2026-09-23 12:29:19.720631
157,17,,Payment Remittance Processed,"Payment of $2,500.00 for PO-2026-0145 (Ref: EFT-TX-557203) has been disbursed.",system,0,7,Payment,2026-09-23 12:29:19.723035
158,2,Procurement Manager,Purchase Requisition Created,"Purchase Requisition PR-2026-0039 (Precision Calibration Multimeter, Qty: 10.0) created and ready for vendor evaluation.",approval,1,39,ProcurementRequest,2026-09-23 13:04:33.698425
159,3,Finance Officer,Vendor Selection Awaiting Financial Approval,"Vendor selection for PR-2026-0039 (ABC Technologies, Quote: $48,500.00) requires financial approval.",approval,0,39,VendorSelection,2026-09-23 13:04:33.762969
160,4,Supply Chain Manager,Vendor Selection Financially Approved,"Financially approved vendor selection for PR-2026-0039 (ABC Technologies, Allocated Budget: $48,500.00) is ready for PO creation.",order,0,39,ProcurementRequest,2026-09-23 13:04:33.810823
161,5,,New Purchase Order Issued,"Purchase Order PO-2026-0146 (Total: $48,500.00) has been issued to your enterprise. Please review and accept.",order,0,146,PurchaseOrder,2026-09-23 13:04:33.874112
162,1,Administrator,New User Registration Verification,New Vendor registration: 'prabhas' (prabhas) registered under category 'Raw Materials'. Awaiting Administrator verification.,registration,0,19,UserRegistration,2026-09-23 13:08:06.867521
163,19,,Account Approved,Welcome to Vendor Reliability & Risk Management System. Your account has been verified and approved with role 'Vendor'.,approval,0,19,User,2026-09-23 13:08:25.031892
164,2,Procurement Manager,Purchase Requisition Created,"Purchase Requisition PR-2026-0040 (Laptop, Qty: 50.0) created and ready for vendor evaluation.",approval,1,40,ProcurementRequest,2026-09-23 13:09:02.508381
165,3,Finance Officer,Vendor Selection Awaiting Financial Approval,"Vendor selection for PR-2026-0040 (yashwanth, Quote: $25,000.00) requires financial approval.",approval,0,40,VendorSelection,2026-09-23 13:09:29.481239
166,4,Supply Chain Manager,Vendor Selection Financially Approved,"Financially approved vendor selection for PR-2026-0040 (yashwanth, Allocated Budget: $25,000.00) is ready for PO creation.",order,0,40,ProcurementRequest,2026-09-23 13:09:49.502942
167,3,Finance Officer,Delivery Recorded - Invoice Ready for Verification,"Delivery recorded for PO-2026-0147 (Delivered, Delivered: 100.0/100.0). Invoice ready for 3-way matching and verification.",approval,0,147,PurchaseOrder,2026-09-23 13:11:39.651467
168,6,Auditor,Transaction Completed - Audit Ready,"Transaction PO-2026-0147 (Invoice INV-2026-0137, Amount: $25,000.00) has been paid and is ready for audit review.",approval,0,147,PurchaseOrder,2026-09-23 13:12:21.843294
169,18,,Payment Remittance Processed,"Payment of $25,000.00 for PO-2026-0147 (Ref: EFT-TX-138070) has been disbursed.",system,0,8,Payment,2026-09-23 13:12:21.845294
170,2,Procurement Manager,Purchase Requisition Created,"Purchase Requisition PR-2026-0041 (Laptop, Qty: 36.0) created and ready for vendor evaluation.",approval,1,41,ProcurementRequest,2026-09-25 12:25:45.862172
171,3,Finance Officer,Vendor Selection Awaiting Financial Approval,"Vendor selection for PR-2026-0041 (yashwanth, Quote: $25,000.00) requires financial approval.",approval,0,41,VendorSelection,2026-09-25 12:26:40.502002
172,2,Procurement Manager,Purchase Requisition Created,"Purchase Requisition PR-2026-0042 (Laptop, Qty: 50.0) created and ready for vendor evaluation.",approval,1,42,ProcurementRequest,2026-09-26 14:27:26.827078
173,3,Finance Officer,Vendor Selection Awaiting Financial Approval,"Vendor selection for PR-2026-0042 (Manikanta, Quote: $2,500.00) requires financial approval.",approval,0,42,VendorSelection,2026-09-26 14:37:44.470649
174,4,Supply Chain Manager,Vendor Selection Financially Approved,"Financially approved vendor selection for PR-2026-0042 (Manikanta, Allocated Budget: $2,500.00) is ready for PO creation.",order,0,42,ProcurementRequest,2026-09-26 14:38:50.561353
175,4,Supply Chain Manager,Purchase Order Rejected by Vendor,Vendor Manikanta rejected PO-2026-0148. Reason: Declined by vendor.,alert,0,148,PurchaseOrder,2026-09-26 14:39:37.291736
176,2,Procurement Manager,Purchase Requisition Created,"Purchase Requisition PR-2026-0043 (Precision Calibration Multimeter, Qty: 10.0) created and ready for vendor evaluation.",approval,1,43,ProcurementRequest,2026-09-27 05:04:55.596956
177,3,Finance Officer,Vendor Selection Awaiting Financial Approval,"Vendor selection for PR-2026-0043 (ABC Technologies, Quote: $48,500.00) requires financial approval.",approval,0,43,VendorSelection,2026-09-27 05:04:55.633927
178,4,Supply Chain Manager,Vendor Selection Financially Approved,"Financially approved vendor selection for PR-2026-0043 (ABC Technologies, Allocated Budget: $48,500.00) is ready for PO creation.",order,0,43,ProcurementRequest,2026-09-27 05:04:55.658552
179,5,,New Purchase Order Issued,"Purchase Order PO-2026-0149 (Total: $48,500.00) has been issued to your enterprise. Please review and accept.",order,0,149,PurchaseOrder,2026-09-27 05:04:55.692302
180,2,Procurement Manager,Purchase Requisition Created,"Purchase Requisition PR-2026-0044 (phones, Qty: 45.0) created and ready for vendor evaluation.",approval,1,44,ProcurementRequest,2026-09-27 12:40:28.955118
181,3,Finance Officer,Vendor Selection Awaiting Financial Approval,"Vendor selection for PR-2026-0044 (Apex Facility & IT Maintenance, Quote: $2,500.00) requires financial approval.",approval,0,44,VendorSelection,2026-09-27 12:43:31.113663
182,1,Administrator,New User Registration Verification,New user registration for Approve Candidate (user.approve.1790513883753@vendor-iq.com) with requested role 'Requesting User' requires verification.,registration,0,20,UserRegistration,2026-09-27 12:58:03.782110
183,1,Administrator,New User Registration Verification,New user registration for Reject Candidate (user.reject.1790513883753@vendor-iq.com) with requested role 'Procurement Manager' requires verification.,registration,0,21,UserRegistration,2026-09-27 12:58:03.820483
184,4,Supply Chain Manager,Vendor Selection Financially Approved,"Financially approved vendor selection for PR-2026-0044 (Apex Facility & IT Maintenance, Allocated Budget: $2,500.00) is ready for PO creation.",order,0,44,ProcurementRequest,2026-09-27 12:59:50.159267
185,1,Administrator,New User Registration Verification,New user registration for Test Engineer (test.engineer.1790514388@vendor-iq.com) with requested role 'Requesting User' requires verification.,registration,0,33,UserRegistration,2026-09-27 13:06:28.779684
186,33,,Account Approved,Welcome to Vendor Reliability & Risk Management System. Your account has been verified and approved with role 'Requesting User'.,approval,0,33,User,2026-09-27 13:06:28.799329
187,2,Procurement Manager,Purchase Requisition Created,"Purchase Requisition PR-2026-0046 (High-Density Storage Server, Qty: 2.0) created and ready for vendor evaluation.",approval,1,46,ProcurementRequest,2026-09-27 13:06:28.832302
188,19,Procurement Manager,Purchase Requisition Created,"Purchase Requisition PR-2026-0046 (High-Density Storage Server, Qty: 2.0) created and ready for vendor evaluation.",approval,0,46,ProcurementRequest,2026-09-27 13:06:28.832307
189,3,Finance Officer,Vendor Selection Awaiting Financial Approval,"Vendor selection for PR-2026-0001 (Apex Semiconductor Tech, Quote: $15,400.00) requires financial approval.",approval,0,1,VendorSelection,2026-09-27 13:06:41.758704
190,2,Procurement Manager,Purchase Requisition Created,"Purchase Requisition PR-2026-0047 (High-Density Storage Server, Qty: 2.0) created and ready for vendor evaluation.",approval,1,47,ProcurementRequest,2026-09-27 13:06:55.168038
191,19,Procurement Manager,Purchase Requisition Created,"Purchase Requisition PR-2026-0047 (High-Density Storage Server, Qty: 2.0) created and ready for vendor evaluation.",approval,0,47,ProcurementRequest,2026-09-27 13:06:55.168042
192,27,,New Purchase Order Issued,"Purchase Order PO-2026-0150 (Total: $2,500.00) has been issued to your enterprise. Please review and accept.",order,0,150,PurchaseOrder,2026-09-27 13:07:26.786993
193,1,Administrator,New User Registration Verification,New user registration for Test Engineer (test.engineer.1790514541@vendor-iq.com) with requested role 'Requesting User' requires verification.,registration,0,34,UserRegistration,2026-09-27 13:09:01.846656
195,2,Procurement Manager,Purchase Requisition Created,"Purchase Requisition PR-2026-0048 (High-Density Storage Server, Qty: 2.0) created and ready for vendor evaluation.",approval,1,48,ProcurementRequest,2026-09-27 13:09:01.918491
196,19,Procurement Manager,Purchase Requisition Created,"Purchase Requisition PR-2026-0048 (High-Density Storage Server, Qty: 2.0) created and ready for vendor evaluation.",approval,0,48,ProcurementRequest,2026-09-27 13:09:01.918496
197,3,Finance Officer,Vendor Selection Awaiting Financial Approval,"Vendor selection for PR-2026-0048 (Apex Semiconductor Tech, Quote: $15,400.00) requires financial approval.",approval,0,48,VendorSelection,2026-09-27 13:09:01.958161
198,4,Supply Chain Manager,Vendor Selection Financially Approved,"Financially approved vendor selection for PR-2026-0048 (Apex Semiconductor Tech, Allocated Budget: $15,400.00) is ready for PO creation.",order,0,48,ProcurementRequest,2026-09-27 13:09:02.014226
199,31,,New Purchase Order Issued,"Purchase Order PO-2026-0152 (Total: $15,400.00) has been issued to your enterprise. Please review and accept.",order,0,152,PurchaseOrder,2026-09-27 13:09:02.088067
200,1,Administrator,New User Registration Verification,New user registration for Approve Candidate (user.approve.1790514553105@vendor-iq.com) with requested role 'Requesting User' requires verification.,registration,0,34,UserRegistration,2026-09-27 13:09:13.137807
201,1,Administrator,New User Registration Verification,New user registration for Reject Candidate (user.reject.1790514553105@vendor-iq.com) with requested role 'Procurement Manager' requires verification.,registration,0,35,UserRegistration,2026-09-27 13:09:13.149689
202,2,Procurement Manager,Purchase Requisition Created,"Purchase Requisition PR-2026-0050 (Precision Calibration Multimeter, Qty: 10.0) created and ready for vendor evaluation.",approval,1,50,ProcurementRequest,2026-09-27 13:09:35.791125
203,19,Procurement Manager,Purchase Requisition Created,"Purchase Requisition PR-2026-0050 (Precision Calibration Multimeter, Qty: 10.0) created and ready for vendor evaluation.",approval,0,50,ProcurementRequest,2026-09-27 13:09:35.791129
204,3,Finance Officer,Vendor Selection Awaiting Financial Approval,"Vendor selection for PR-2026-0050 (ABC Technologies, Quote: $48,500.00) requires financial approval.",approval,0,50,VendorSelection,2026-09-27 13:09:35.856122
205,4,Supply Chain Manager,Vendor Selection Financially Approved,"Financially approved vendor selection for PR-2026-0050 (ABC Technologies, Allocated Budget: $48,500.00) is ready for PO creation.",order,0,50,ProcurementRequest,2026-09-27 13:09:35.898696
206,5,,New Purchase Order Issued,"Purchase Order PO-2026-0154 (Total: $48,500.00) has been issued to your enterprise. Please review and accept.",order,0,154,PurchaseOrder,2026-09-27 13:09:35.965366
207,2,Procurement Manager,Purchase Requisition Created,"Purchase Requisition PR-2026-0051 (Precision Calibration Multimeter, Qty: 10.0) created and ready for vendor evaluation.",approval,1,51,ProcurementRequest,2026-09-27 13:12:01.396302
208,19,Procurement Manager,Purchase Requisition Created,"Purchase Requisition PR-2026-0051 (Precision Calibration Multimeter, Qty: 10.0) created and ready for vendor evaluation.",approval,0,51,ProcurementRequest,2026-09-27 13:12:01.396306
209,3,Finance Officer,Vendor Selection Awaiting Financial Approval,"Vendor selection for PR-2026-0051 (ABC Technologies, Quote: $48,500.00) requires financial approval.",approval,0,51,VendorSelection,2026-09-27 13:12:01.462062
210,4,Supply Chain Manager,Vendor Selection Financially Approved,"Financially approved vendor selection for PR-2026-0051 (ABC Technologies, Allocated Budget: $48,500.00) is ready for PO creation.",order,0,51,ProcurementRequest,2026-09-27 13:12:01.505456
211,5,,New Purchase Order Issued,"Purchase Order PO-2026-0155 (Total: $48,500.00) has been issued to your enterprise. Please review and accept.",order,0,155,PurchaseOrder,2026-09-27 13:12:01.566435
212,4,Supply Chain Manager,Vendor Accepted Purchase Order,Vendor ABC Technologies accepted Purchase Order PO-2026-0155.,order,0,155,PurchaseOrder,2026-09-27 13:12:01.590438
213,3,Finance Officer,Delivery Recorded - Invoice Ready for Verification,"Delivery recorded for PO-2026-0155 (Delivered, Delivered: 10.0/10.0). Invoice ready for 3-way matching and verification.",approval,0,155,PurchaseOrder,2026-09-27 13:12:01.683017
214,6,Auditor,Transaction Completed - Audit Ready,"Transaction PO-2026-0155 (Invoice INV-2026-0140, Amount: $48,500.00) has been paid and is ready for audit review.",approval,0,155,PurchaseOrder,2026-09-27 13:12:01.827686
215,5,,Payment Remittance Processed,"Payment of $48,500.00 for PO-2026-0155 (Ref: TXN-BENCH-1790514721) has been disbursed.",system,0,9,Payment,2026-09-27 13:12:01.828921
216,2,Procurement Manager,Purchase Requisition Created,"Purchase Requisition PR-2026-0052 (Laptop, Qty: 50.0) created and ready for vendor evaluation.",approval,1,52,ProcurementRequest,2026-09-27 13:12:15.603782
217,19,Procurement Manager,Purchase Requisition Created,"Purchase Requisition PR-2026-0052 (Laptop, Qty: 50.0) created and ready for vendor evaluation.",approval,0,52,ProcurementRequest,2026-09-27 13:12:15.603786
218,3,Finance Officer,Vendor Selection Awaiting Financial Approval,"Vendor selection for PR-2026-0052 (ABC Technologies, Quote: $2,450,000.00) requires financial approval.",approval,0,52,VendorSelection,2026-09-27 13:12:15.712630
219,1,,New Vendor Registration,Vendor 'Precision Tech Components' (Precision Tech Components Ltd 1790514839081) registered with login account (precision_1790514839081@techparts.io).,approval,0,27,vendor,2026-09-27 13:13:59.212940
220,2,,New Vendor Registration,Vendor 'Precision Tech Components' (Precision Tech Components Ltd 1790514839081) registered with login account (precision_1790514839081@techparts.io).,approval,1,27,vendor,2026-09-27 13:13:59.212944
221,19,,New Vendor Registration,Vendor 'Precision Tech Components' (Precision Tech Components Ltd 1790514839081) registered with login account (precision_1790514839081@techparts.io).,approval,0,27,vendor,2026-09-27 13:13:59.212946
222,3,Finance Officer,Delivery Recorded - Invoice Ready for Verification,"Delivery recorded for PO-2026-0150 (Delayed, Delivered: 100.0/100.0). Invoice ready for 3-way matching and verification.",approval,0,150,PurchaseOrder,2026-09-27 13:14:29.669584
223,6,Auditor,Transaction Completed - Audit Ready,"Transaction PO-2026-0150 (Invoice INV-2026-0141, Amount: $2,500.00) has been paid and is ready for audit review.",approval,0,150,PurchaseOrder,2026-09-27 13:15:13.103828
224,27,,Payment Remittance Processed,"Payment of $2,500.00 for PO-2026-0150 (Ref: EFT-TX-910910) has been disbursed.",system,0,10,Payment,2026-09-27 13:15:13.107518
225,1,,New Vendor Registration,Vendor 'Precision Tech Components' (Precision Tech Components Ltd 1790515174809) registered with login account (precision_1790515174809@techparts.io).,approval,0,30,vendor,2026-09-27 13:19:34.949461
226,2,,New Vendor Registration,Vendor 'Precision Tech Components' (Precision Tech Components Ltd 1790515174809) registered with login account (precision_1790515174809@techparts.io).,approval,1,30,vendor,2026-09-27 13:19:34.949465
227,19,,New Vendor Registration,Vendor 'Precision Tech Components' (Precision Tech Components Ltd 1790515174809) registered with login account (precision_1790515174809@techparts.io).,approval,0,30,vendor,2026-09-27 13:19:34.949467
228,1,Administrator,New User Registration Verification,New Vendor registration: 'Portal Vendor Rep' (Portal Vendor Rep) registered under category 'Logistics & Transportation'. Awaiting Administrator verification.,registration,0,40,UserRegistration,2026-09-27 13:19:35.094968
229,1,Administrator,New User Registration Verification,New user registration for Approve Candidate (user.approve.1790515205740@vendor-iq.com) with requested role 'Requesting User' requires verification.,registration,0,41,UserRegistration,2026-09-27 13:20:05.767062
230,1,Administrator,New User Registration Verification,New user registration for Reject Candidate (user.reject.1790515205740@vendor-iq.com) with requested role 'Procurement Manager' requires verification.,registration,0,42,UserRegistration,2026-09-27 13:20:05.779452
231,1,,New Vendor Registration,Vendor 'Precision Tech Components' (Precision Tech Components Ltd 1790515329479) registered with login account (precision_1790515329479@techparts.io).,approval,0,34,vendor,2026-09-27 13:22:09.624479
232,2,,New Vendor Registration,Vendor 'Precision Tech Components' (Precision Tech Components Ltd 1790515329479) registered with login account (precision_1790515329479@techparts.io).,approval,1,34,vendor,2026-09-27 13:22:09.624483
233,19,,New Vendor Registration,Vendor 'Precision Tech Components' (Precision Tech Components Ltd 1790515329479) registered with login account (precision_1790515329479@techparts.io).,approval,0,34,vendor,2026-09-27 13:22:09.624485
234,1,Administrator,New User Registration Verification,New Vendor registration: 'Portal Vendor Rep' (Portal Vendor Rep) registered under category 'Logistics & Transportation'. Awaiting Administrator verification.,registration,0,44,UserRegistration,2026-09-27 13:22:09.732841
235,1,Administrator,New User Registration Verification,New user registration for Test Engineer (test.engineer.1790515351@vendor-iq.com) with requested role 'Requesting User' requires verification.,registration,0,45,UserRegistration,2026-09-27 13:22:31.183561
237,2,Procurement Manager,Purchase Requisition Created,"Purchase Requisition PR-2026-0053 (High-Density Storage Server, Qty: 2.0) created and ready for vendor evaluation.",approval,1,53,ProcurementRequest,2026-09-27 13:22:31.236173
238,19,Procurement Manager,Purchase Requisition Created,"Purchase Requisition PR-2026-0053 (High-Density Storage Server, Qty: 2.0) created and ready for vendor evaluation.",approval,0,53,ProcurementRequest,2026-09-27 13:22:31.236177
239,3,Finance Officer,Vendor Selection Awaiting Financial Approval,"Vendor selection for PR-2026-0053 (Apex Semiconductor Tech, Quote: $15,400.00) requires financial approval.",approval,0,53,VendorSelection,2026-09-27 13:22:31.276420
240,4,Supply Chain Manager,Vendor Selection Financially Approved,"Financially approved vendor selection for PR-2026-0053 (Apex Semiconductor Tech, Allocated Budget: $15,400.00) is ready for PO creation.",order,0,53,ProcurementRequest,2026-09-27 13:22:31.333798
241,31,,New Purchase Order Issued,"Purchase Order PO-2026-0156 (Total: $15,400.00) has been issued to your enterprise. Please review and accept.",order,0,156,PurchaseOrder,2026-09-27 13:22:31.405595
242,2,Procurement Manager,Purchase Requisition Created,"Purchase Requisition PR-2026-0054 (Precision Calibration Multimeter, Qty: 10.0) created and ready for vendor evaluation.",approval,1,54,ProcurementRequest,2026-09-27 13:22:41.066886
243,19,Procurement Manager,Purchase Requisition Created,"Purchase Requisition PR-2026-0054 (Precision Calibration Multimeter, Qty: 10.0) created and ready for vendor evaluation.",approval,0,54,ProcurementRequest,2026-09-27 13:22:41.066890
244,3,Finance Officer,Vendor Selection Awaiting Financial Approval,"Vendor selection for PR-2026-0054 (ABC Technologies, Quote: $48,500.00) requires financial approval.",approval,0,54,VendorSelection,2026-09-27 13:22:41.134240
245,4,Supply Chain Manager,Vendor Selection Financially Approved,"Financially approved vendor selection for PR-2026-0054 (ABC Technologies, Allocated Budget: $48,500.00) is ready for PO creation.",order,0,54,ProcurementRequest,2026-09-27 13:22:41.177609
246,5,,New Purchase Order Issued,"Purchase Order PO-2026-0157 (Total: $48,500.00) has been issued to your enterprise. Please review and accept.",order,0,157,PurchaseOrder,2026-09-27 13:22:41.237724
247,4,Supply Chain Manager,Vendor Accepted Purchase Order,Vendor ABC Technologies accepted Purchase Order PO-2026-0157.,order,0,157,PurchaseOrder,2026-09-27 13:22:41.261795
248,3,Finance Officer,Delivery Recorded - Invoice Ready for Verification,"Delivery recorded for PO-2026-0157 (Delivered, Delivered: 10.0/10.0). Invoice ready for 3-way matching and verification.",approval,0,157,PurchaseOrder,2026-09-27 13:22:41.311301
249,6,Auditor,Transaction Completed - Audit Ready,"Transaction PO-2026-0157 (Invoice INV-2026-0142, Amount: $48,500.00) has been paid and is ready for audit review.",approval,0,157,PurchaseOrder,2026-09-27 13:22:41.449431
250,5,,Payment Remittance Processed,"Payment of $48,500.00 for PO-2026-0157 (Ref: TXN-BENCH-1790515361) has been disbursed.",system,0,11,Payment,2026-09-27 13:22:41.450548
251,1,,New Vendor Registration,Vendor 'Precision Tech Components' (Precision Tech Components Ltd 1790515718162) registered with login account (precision_1790515718162@techparts.io).,approval,0,38,vendor,2026-09-27 13:28:38.303941
252,2,,New Vendor Registration,Vendor 'Precision Tech Components' (Precision Tech Components Ltd 1790515718162) registered with login account (precision_1790515718162@techparts.io).,approval,1,38,vendor,2026-09-27 13:28:38.303945
253,19,,New Vendor Registration,Vendor 'Precision Tech Components' (Precision Tech Components Ltd 1790515718162) registered with login account (precision_1790515718162@techparts.io).,approval,0,38,vendor,2026-09-27 13:28:38.303946
254,1,Administrator,New User Registration Verification,New Vendor registration: 'Portal Vendor Rep' (Portal Vendor Rep) registered under category 'Logistics & Transportation'. Awaiting Administrator verification.,registration,0,48,UserRegistration,2026-09-27 13:28:38.407263
255,1,Administrator,New User Registration Verification,New user registration for Approve Candidate (user.approve.1790515726402@vendor-iq.com) with requested role 'Requesting User' requires verification.,registration,0,49,UserRegistration,2026-09-27 13:28:46.428710
256,1,Administrator,New User Registration Verification,New user registration for Reject Candidate (user.reject.1790515726402@vendor-iq.com) with requested role 'Procurement Manager' requires verification.,registration,0,50,UserRegistration,2026-09-27 13:28:46.441932
257,1,,New Vendor Registration,Vendor 'Precision Tech Components' (Precision Tech Components Ltd 1790516173324) registered with login account (precision_1790516173324@techparts.io).,approval,0,42,vendor,2026-09-27 13:36:13.470911
258,2,,New Vendor Registration,Vendor 'Precision Tech Components' (Precision Tech Components Ltd 1790516173324) registered with login account (precision_1790516173324@techparts.io).,approval,1,42,vendor,2026-09-27 13:36:13.470916
259,19,,New Vendor Registration,Vendor 'Precision Tech Components' (Precision Tech Components Ltd 1790516173324) registered with login account (precision_1790516173324@techparts.io).,approval,0,42,vendor,2026-09-27 13:36:13.470918
260,1,Administrator,New User Registration Verification,New Vendor registration: 'Portal Vendor Rep' (Portal Vendor Rep) registered under category 'Logistics & Transportation'. Awaiting Administrator verification.,registration,0,52,UserRegistration,2026-09-27 13:36:13.580237
261,1,,New Vendor Registration,Vendor 'Precision Tech Components' (Precision Tech Components Ltd 1790517026317) registered with login account (precision_1790517026317@techparts.io).,approval,0,46,vendor,2026-09-27 13:50:26.461409
262,2,,New Vendor Registration,Vendor 'Precision Tech Components' (Precision Tech Components Ltd 1790517026317) registered with login account (precision_1790517026317@techparts.io).,approval,1,46,vendor,2026-09-27 13:50:26.461413
263,19,,New Vendor Registration,Vendor 'Precision Tech Components' (Precision Tech Components Ltd 1790517026317) registered with login account (precision_1790517026317@techparts.io).,approval,0,46,vendor,2026-09-27 13:50:26.461415
264,1,Administrator,New User Registration Verification,New Vendor registration: 'Portal Vendor Rep' (Portal Vendor Rep) registered under category 'Logistics & Transportation'. Awaiting Administrator verification.,registration,0,56,UserRegistration,2026-09-27 13:50:26.562865
265,2,Procurement Manager,Purchase Requisition Created,"Purchase Requisition PR-2026-0055 (electronic screws, Qty: 56.0) created and ready for vendor evaluation.",approval,1,55,ProcurementRequest,2026-09-27 13:53:48.836908
266,19,Procurement Manager,Purchase Requisition Created,"Purchase Requisition PR-2026-0055 (electronic screws, Qty: 56.0) created and ready for vendor evaluation.",approval,0,55,ProcurementRequest,2026-09-27 13:53:48.836913
267,2,Procurement Manager,Purchase Requisition Created,"Purchase Requisition PR-2026-0056 (Precision Calibration Multimeter, Qty: 10.0) created and ready for vendor evaluation.",approval,1,56,ProcurementRequest,2026-09-27 14:18:11.471393
268,19,Procurement Manager,Purchase Requisition Created,"Purchase Requisition PR-2026-0056 (Precision Calibration Multimeter, Qty: 10.0) created and ready for vendor evaluation.",approval,0,56,ProcurementRequest,2026-09-27 14:18:11.471398
269,3,Finance Officer,Vendor Selection Awaiting Financial Approval,"Vendor selection for PR-2026-0056 (ABC Technologies, Quote: $48,500.00) requires financial approval.",approval,0,56,VendorSelection,2026-09-27 14:18:11.539761
270,4,Supply Chain Manager,Vendor Selection Financially Approved,"Financially approved vendor selection for PR-2026-0056 (ABC Technologies, Allocated Budget: $48,500.00) is ready for PO creation.",order,0,56,ProcurementRequest,2026-09-27 14:18:11.582488
271,21,,New Purchase Order Issued,"Purchase Order PO-2026-0158 (Total: $48,500.00) has been issued to your enterprise. Please review and accept.",order,0,158,PurchaseOrder,2026-09-27 14:18:11.643309
272,2,Procurement Manager,Purchase Requisition Created,"Purchase Requisition PR-2026-0057 (Precision Calibration Multimeter, Qty: 10.0) created and ready for vendor evaluation.",approval,1,57,ProcurementRequest,2026-09-27 14:19:57.193231
273,19,Procurement Manager,Purchase Requisition Created,"Purchase Requisition PR-2026-0057 (Precision Calibration Multimeter, Qty: 10.0) created and ready for vendor evaluation.",approval,0,57,ProcurementRequest,2026-09-27 14:19:57.193237
274,3,Finance Officer,Vendor Selection Awaiting Financial Approval,"Vendor selection for PR-2026-0057 (ABC Technologies, Quote: $48,500.00) requires financial approval.",approval,0,57,VendorSelection,2026-09-27 14:19:57.263888
275,4,Supply Chain Manager,Vendor Selection Financially Approved,"Financially approved vendor selection for PR-2026-0057 (ABC Technologies, Allocated Budget: $48,500.00) is ready for PO creation.",order,0,57,ProcurementRequest,2026-09-27 14:19:57.306540
276,21,,New Purchase Order Issued,"Purchase Order PO-2026-0159 (Total: $48,500.00) has been issued to your enterprise. Please review and accept.",order,0,159,PurchaseOrder,2026-09-27 14:19:57.367076
277,4,Supply Chain Manager,Vendor Accepted Purchase Order,Vendor ABC Technologies accepted Purchase Order PO-2026-0159.,order,0,159,PurchaseOrder,2026-09-27 14:19:57.393273
278,3,Finance Officer,Delivery Recorded - Invoice Ready for Verification,"Delivery recorded for PO-2026-0159 (Delivered, Delivered: 10.0/10.0). Invoice ready for 3-way matching and verification.",approval,0,159,PurchaseOrder,2026-09-27 14:19:57.446118
279,6,Auditor,Transaction Completed - Audit Ready,"Transaction PO-2026-0159 (Invoice INV-2026-0143, Amount: $48,500.00) has been paid and is ready for audit review.",approval,0,159,PurchaseOrder,2026-09-27 14:19:57.610231
280,21,,Payment Remittance Processed,"Payment of $48,500.00 for PO-2026-0159 (Ref: TXN-BENCH-1790518797) has been disbursed.",system,0,12,Payment,2026-09-27 14:19:57.611506
281,2,Procurement Manager,Purchase Requisition Created,"Purchase Requisition PR-2026-0058 (Precision Calibration Multimeter, Qty: 10.0) created and ready for vendor evaluation.",approval,1,58,ProcurementRequest,2026-09-28 11:40:32.368033
282,19,Procurement Manager,Purchase Requisition Created,"Purchase Requisition PR-2026-0058 (Precision Calibration Multimeter, Qty: 10.0) created and ready for vendor evaluation.",approval,0,58,ProcurementRequest,2026-09-28 11:40:32.368039
283,3,Finance Officer,Vendor Selection Awaiting Financial Approval,"Vendor selection for PR-2026-0058 (ABC Technologies, Quote: $48,500.00) requires financial approval.",approval,0,58,VendorSelection,2026-09-28 11:40:32.498854
284,4,Supply Chain Manager,Vendor Selection Financially Approved,"Financially approved vendor selection for PR-2026-0058 (ABC Technologies, Allocated Budget: $48,500.00) is ready for PO creation.",order,0,58,ProcurementRequest,2026-09-28 11:40:32.598789
285,21,,New Purchase Order Issued,"Purchase Order PO-2026-0160 (Total: $48,500.00) has been issued to your enterprise. Please review and accept.",order,0,160,PurchaseOrder,2026-09-28 11:40:32.687602
286,4,Supply Chain Manager,Vendor Accepted Purchase Order,Vendor ABC Technologies accepted Purchase Order PO-2026-0160.,order,0,160,PurchaseOrder,2026-09-28 11:40:32.724830
287,3,Finance Officer,Delivery Recorded - Invoice Ready for Verification,"Delivery recorded for PO-2026-0160 (Delivered, Delivered: 10.0/10.0). Invoice ready for 3-way matching and verification.",approval,0,160,PurchaseOrder,2026-09-28 11:40:32.798339
288,6,Auditor,Transaction Completed - Audit Ready,"Transaction PO-2026-0160 (Invoice INV-2026-0144, Amount: $48,500.00) has been paid and is ready for audit review.",approval,0,160,PurchaseOrder,2026-09-28 11:40:32.998749
289,21,,Payment Remittance Processed,"Payment of $48,500.00 for PO-2026-0160 (Ref: TXN-BENCH-1790595632) has been disbursed.",system,0,13,Payment,2026-09-28 11:40:33.000332
290,1,Administrator,New User Registration Verification,New user registration for Test Engineer (test.engineer.1790595931@vendor-iq.com) with requested role 'Requesting User' requires verification.,registration,0,57,UserRegistration,2026-09-28 11:45:31.819753
292,2,Procurement Manager,Purchase Requisition Created,"Purchase Requisition PR-2026-0059 (High-Density Storage Server, Qty: 2.0) created and ready for vendor evaluation.",approval,1,59,ProcurementRequest,2026-09-28 11:45:31.896186
293,19,Procurement Manager,Purchase Requisition Created,"Purchase Requisition PR-2026-0059 (High-Density Storage Server, Qty: 2.0) created and ready for vendor evaluation.",approval,0,59,ProcurementRequest,2026-09-28 11:45:31.896192
294,3,Finance Officer,Vendor Selection Awaiting Financial Approval,"Vendor selection for PR-2026-0059 (Apex Semiconductor Tech, Quote: $15,400.00) requires financial approval.",approval,0,59,VendorSelection,2026-09-28 11:45:31.952148
295,4,Supply Chain Manager,Vendor Selection Financially Approved,"Financially approved vendor selection for PR-2026-0059 (Apex Semiconductor Tech, Allocated Budget: $15,400.00) is ready for PO creation.",order,0,59,ProcurementRequest,2026-09-28 11:45:32.039596
296,31,,New Purchase Order Issued,"Purchase Order PO-2026-0161 (Total: $15,400.00) has been issued to your enterprise. Please review and accept.",order,0,161,PurchaseOrder,2026-09-28 11:45:32.147782
297,2,Procurement Manager,Purchase Requisition Created,"Purchase Requisition PR-2026-0060 (Precision Calibration Multimeter, Qty: 10.0) created and ready for vendor evaluation.",approval,1,60,ProcurementRequest,2026-09-28 11:47:08.351978
298,19,Procurement Manager,Purchase Requisition Created,"Purchase Requisition PR-2026-0060 (Precision Calibration Multimeter, Qty: 10.0) created and ready for vendor evaluation.",approval,0,60,ProcurementRequest,2026-09-28 11:47:08.351984
299,3,Finance Officer,Vendor Selection Awaiting Financial Approval,"Vendor selection for PR-2026-0060 (ABC Technologies, Quote: $48,500.00) requires financial approval.",approval,0,60,VendorSelection,2026-09-28 11:47:08.449930
300,4,Supply Chain Manager,Vendor Selection Financially Approved,"Financially approved vendor selection for PR-2026-0060 (ABC Technologies, Allocated Budget: $48,500.00) is ready for PO creation.",order,0,60,ProcurementRequest,2026-09-28 11:47:08.510210
301,21,,New Purchase Order Issued,"Purchase Order PO-2026-0162 (Total: $48,500.00) has been issued to your enterprise. Please review and accept.",order,0,162,PurchaseOrder,2026-09-28 11:47:08.601180
302,4,Supply Chain Manager,Vendor Accepted Purchase Order,Vendor ABC Technologies accepted Purchase Order PO-2026-0162.,order,0,162,PurchaseOrder,2026-09-28 11:47:08.638868
303,3,Finance Officer,Delivery Recorded - Invoice Ready for Verification,"Delivery recorded for PO-2026-0162 (Delivered, Delivered: 10.0/10.0). Invoice ready for 3-way matching and verification.",approval,0,162,PurchaseOrder,2026-09-28 11:47:08.723898
304,6,Auditor,Transaction Completed - Audit Ready,"Transaction PO-2026-0162 (Invoice INV-2026-0145, Amount: $48,500.00) has been paid and is ready for audit review.",approval,0,162,PurchaseOrder,2026-09-28 11:47:09.030377
305,21,,Payment Remittance Processed,"Payment of $48,500.00 for PO-2026-0162 (Ref: TXN-BENCH-1790596028) has been disbursed.",system,0,14,Payment,2026-09-28 11:47:09.032503
306,2,Procurement Manager,Purchase Requisition Created,"Purchase Requisition PR-2026-0061 (Precision Calibration Multimeter, Qty: 10.0) created and ready for vendor evaluation.",approval,1,61,ProcurementRequest,2026-09-28 11:51:27.941619
307,19,Procurement Manager,Purchase Requisition Created,"Purchase Requisition PR-2026-0061 (Precision Calibration Multimeter, Qty: 10.0) created and ready for vendor evaluation.",approval,0,61,ProcurementRequest,2026-09-28 11:51:27.941624
308,3,Finance Officer,Vendor Selection Awaiting Financial Approval,"Vendor selection for PR-2026-0061 (ABC Technologies, Quote: $48,500.00) requires financial approval.",approval,0,61,VendorSelection,2026-09-28 11:51:28.035137
309,4,Supply Chain Manager,Vendor Selection Financially Approved,"Financially approved vendor selection for PR-2026-0061 (ABC Technologies, Allocated Budget: $48,500.00) is ready for PO creation.",order,0,61,ProcurementRequest,2026-09-28 11:51:28.095895
310,21,,New Purchase Order Issued,"Purchase Order PO-2026-0163 (Total: $48,500.00) has been issued to your enterprise. Please review and accept.",order,0,163,PurchaseOrder,2026-09-28 11:51:28.180748
311,4,Supply Chain Manager,Vendor Accepted Purchase Order,Vendor ABC Technologies accepted Purchase Order PO-2026-0163.,order,0,163,PurchaseOrder,2026-09-28 11:51:28.242273
312,3,Finance Officer,Delivery Recorded - Invoice Ready for Verification,"Delivery recorded for PO-2026-0163 (Delivered, Delivered: 10.0/10.0). Invoice ready for 3-way matching and verification.",approval,0,163,PurchaseOrder,2026-09-28 11:51:28.311703
313,6,Auditor,Transaction Completed - Audit Ready,"Transaction PO-2026-0163 (Invoice INV-2026-0146, Amount: $48,500.00) has been paid and is ready for audit review.",approval,0,163,PurchaseOrder,2026-09-28 11:51:28.529350
314,21,,Payment Remittance Processed,"Payment of $48,500.00 for PO-2026-0163 (Ref: TXN-BENCH-1790596288) has been disbursed.",system,0,15,Payment,2026-09-28 11:51:28.531094
315,4,Supply Chain Manager,Vendor Selection Financially Approved,"Financially approved vendor selection for PR-2026-0052 (ABC Technologies, Allocated Budget: $2,450,000.00) is ready for PO creation.",order,0,52,ProcurementRequest,2026-09-28 12:01:48.884368
316,1,Administrator,New User Registration Verification,New Vendor registration: 'Ajay' (Ajay) registered under category 'Machinery & Spare Parts'. Awaiting Administrator verification.,registration,0,57,UserRegistration,2026-09-28 12:25:19.254899
317,1,Administrator,New User Registration Verification,New Vendor registration: 'abhi' (abhi) registered under category 'Machinery & Spare Parts'. Awaiting Administrator verification.,registration,0,58,UserRegistration,2026-09-28 12:32:16.614920
318,1,Administrator,New User Registration Verification,New Vendor registration: 'Test Pending Supplier' (Test Pending Supplier) registered under category 'Raw Materials'. Awaiting Administrator verification.,registration,0,59,UserRegistration,2026-09-28 12:39:17.973842
319,59,,Vendor Registration Approved,Your vendor profile has been approved by procurement team. Notes: Verified by Admin,approval,0,51,vendor,2026-09-28 12:41:59.933469
320,2,Procurement Manager,Purchase Requisition Created,"Purchase Requisition PR-2026-0062 (Laptop, Qty: 50.0) created and ready for vendor evaluation.",approval,1,62,ProcurementRequest,2026-09-28 13:07:29.141222
321,19,Procurement Manager,Purchase Requisition Created,"Purchase Requisition PR-2026-0062 (Laptop, Qty: 50.0) created and ready for vendor evaluation.",approval,0,62,ProcurementRequest,2026-09-28 13:07:29.141227
322,3,Finance Officer,Vendor Selection Awaiting Financial Approval,"Vendor selection for PR-2026-0062 (ABC Technologies, Quote: $2,500,000.00) requires financial approval.",approval,0,62,VendorSelection,2026-09-28 13:11:35.385439
323,4,Supply Chain Manager,Vendor Selection Financially Approved,"Financially approved vendor selection for PR-2026-0062 (ABC Technologies, Allocated Budget: $2,500,000.00) is ready for PO creation.",order,0,62,ProcurementRequest,2026-09-28 13:12:00.429528
324,4,Supply Chain Manager,Vendor Accepted Purchase Order,Vendor ABC Technologies accepted Purchase Order PO-2026-0164.,order,0,164,PurchaseOrder,2026-09-28 13:12:50.996436
325,3,Finance Officer,Delivery Completed - Payment Processing Required,Supply Chain confirmed 100% delivery completion for PO PO-2026-0163. Invoice INV-2026-0146 is ready for 3-way match verification and payment disbursement.,approval,0,163,PurchaseOrder,2026-09-28 13:14:13.154573
326,3,Finance Officer,Delivery Completed - Payment Processing Required,Supply Chain confirmed 100% delivery completion for PO PO-2026-0163. Invoice INV-2026-0146 is ready for 3-way match verification and payment disbursement.,approval,0,163,PurchaseOrder,2026-09-28 13:14:14.925589
327,4,Supply Chain Manager,Vendor Accepted Purchase Order,Vendor David Chen accepted Purchase Order PO-2026-0007.,order,0,7,PurchaseOrder,2026-09-28 14:16:57.195769
328,4,Supply Chain Manager,Shipment Dispatched - In Transit,Order PO-2026-0007 dispatched by David Chen via FedEx Freight Express (Tracking: TRK-EXP-9921). Ready for delivery tracking.,order,0,7,PurchaseOrder,2026-09-28 14:16:59.223376
329,2,Procurement Manager,Purchase Requisition Created,"Purchase Requisition PR-2026-0063 (Precision Calibration Multimeter, Qty: 10.0) created and ready for vendor evaluation.",approval,1,63,ProcurementRequest,2026-09-29 11:42:55.340316
330,19,Procurement Manager,Purchase Requisition Created,"Purchase Requisition PR-2026-0063 (Precision Calibration Multimeter, Qty: 10.0) created and ready for vendor evaluation.",approval,0,63,ProcurementRequest,2026-09-29 11:42:55.340319
331,3,Finance Officer,Vendor Selection Awaiting Financial Approval,"Vendor selection for PR-2026-0063 (ABC Technologies, Quote: $48,500.00) requires financial approval.",approval,0,63,VendorSelection,2026-09-29 11:42:55.383807
332,4,Supply Chain Manager,Vendor Selection Financially Approved,"Financially approved vendor selection for PR-2026-0063 (ABC Technologies, Allocated Budget: $48,500.00) is ready for PO creation.",order,0,63,ProcurementRequest,2026-09-29 11:42:55.411541
333,21,,New Purchase Order Issued,"Purchase Order PO-2026-0165 (Total: $48,500.00) has been issued to your enterprise. Please review and accept.",order,0,165,PurchaseOrder,2026-09-29 11:42:55.449375
334,4,Supply Chain Manager,Vendor Accepted Purchase Order,Vendor ABC Technologies accepted Purchase Order PO-2026-0165.,order,0,165,PurchaseOrder,2026-09-29 11:42:55.465728
335,3,Finance Officer,Delivery Recorded - Invoice Ready for Verification,"Delivery recorded for PO-2026-0165 (Delivered, Delivered: 10.0/10.0). Invoice ready for 3-way matching and verification.",approval,0,165,PurchaseOrder,2026-09-29 11:42:55.497690
336,6,Auditor,Transaction Completed - Audit Ready,"Transaction PO-2026-0165 (Invoice INV-2026-0147, Amount: $48,500.00) has been paid and is ready for audit review.",approval,0,165,PurchaseOrder,2026-09-29 11:42:55.651332
337,21,,Payment Remittance Processed,"Payment of $48,500.00 for PO-2026-0165 (Ref: TXN-BENCH-1790682175) has been disbursed.",system,0,16,Payment,2026-09-29 11:42:55.652243
338,2,Procurement Manager,Purchase Requisition Created,"Purchase Requisition PR-2026-0064 (Precision Calibration Multimeter, Qty: 10.0) created and ready for vendor evaluation.",approval,1,64,ProcurementRequest,2026-09-29 12:30:42.464642
339,19,Procurement Manager,Purchase Requisition Created,"Purchase Requisition PR-2026-0064 (Precision Calibration Multimeter, Qty: 10.0) created and ready for vendor evaluation.",approval,0,64,ProcurementRequest,2026-09-29 12:30:42.464646
340,3,Finance Officer,Vendor Selection Awaiting Financial Approval,"Vendor selection for PR-2026-0064 (ABC Technologies, Quote: $48,500.00) requires financial approval.",approval,0,64,VendorSelection,2026-09-29 12:30:42.538206
341,4,Supply Chain Manager,Vendor Selection Financially Approved,"Financially approved vendor selection for PR-2026-0064 (ABC Technologies, Allocated Budget: $48,500.00) is ready for PO creation.",order,0,64,ProcurementRequest,2026-09-29 12:30:42.598045
342,21,,New Purchase Order Issued,"Purchase Order PO-2026-0166 (Total: $48,500.00) has been issued to your enterprise. Please review and accept.",order,0,166,PurchaseOrder,2026-09-29 12:30:42.678212
343,4,Supply Chain Manager,Vendor Accepted Purchase Order,Vendor ABC Technologies accepted Purchase Order PO-2026-0166.,order,0,166,PurchaseOrder,2026-09-29 12:30:42.709306
344,3,Finance Officer,Delivery Recorded - Invoice Ready for Verification,"Delivery recorded for PO-2026-0166 (Delivered, Delivered: 10.0/10.0). Invoice ready for 3-way matching and verification.",approval,0,166,PurchaseOrder,2026-09-29 12:30:42.808054
345,6,Auditor,Transaction Completed - Audit Ready,"Transaction PO-2026-0166 (Invoice INV-2026-0148, Amount: $48,500.00) has been paid and is ready for audit review.",approval,0,166,PurchaseOrder,2026-09-29 12:30:43.041850
346,21,,Payment Remittance Processed,"Payment of $48,500.00 for PO-2026-0166 (Ref: TXN-BENCH-1790685042) has been disbursed.",system,0,17,Payment,2026-09-29 12:30:43.042997
347,2,Procurement Manager,Purchase Requisition Created,"Purchase Requisition PR-2026-0065 (Precision Calibration Multimeter, Qty: 10.0) created and ready for vendor evaluation.",approval,1,65,ProcurementRequest,2026-09-29 13:02:51.212619
348,19,Procurement Manager,Purchase Requisition Created,"Purchase Requisition PR-2026-0065 (Precision Calibration Multimeter, Qty: 10.0) created and ready for vendor evaluation.",approval,0,65,ProcurementRequest,2026-09-29 13:02:51.212623
349,3,Finance Officer,Vendor Selection Awaiting Financial Approval,"Vendor selection for PR-2026-0065 (ABC Technologies, Quote: $48,500.00) requires financial approval.",approval,0,65,VendorSelection,2026-09-29 13:02:51.301629
350,4,Supply Chain Manager,Vendor Selection Financially Approved,"Financially approved vendor selection for PR-2026-0065 (ABC Technologies, Allocated Budget: $48,500.00) is ready for PO creation.",order,0,65,ProcurementRequest,2026-09-29 13:02:51.351252
351,21,,New Purchase Order Issued,"Purchase Order PO-2026-0167 (Total: $48,500.00) has been issued to your enterprise. Please review and accept.",order,0,167,PurchaseOrder,2026-09-29 13:02:51.415538
352,4,Supply Chain Manager,Vendor Accepted Purchase Order,Vendor ABC Technologies accepted Purchase Order PO-2026-0167.,order,0,167,PurchaseOrder,2026-09-29 13:02:51.445786
353,3,Finance Officer,Delivery Recorded - Invoice Ready for Verification,"Delivery recorded for PO-2026-0167 (Delivered, Delivered: 10.0/10.0). Invoice ready for 3-way matching and verification.",approval,0,167,PurchaseOrder,2026-09-29 13:02:51.500647
354,6,Auditor,Transaction Completed - Audit Ready,"Transaction PO-2026-0167 (Invoice INV-2026-0149, Amount: $48,500.00) has been paid and is ready for audit review.",approval,0,167,PurchaseOrder,2026-09-29 13:02:51.745159
355,21,,Payment Remittance Processed,"Payment of $48,500.00 for PO-2026-0167 (Ref: TXN-BENCH-1790686971) has been disbursed.",system,0,18,Payment,2026-09-29 13:02:51.746157
356,2,Procurement Manager,Purchase Requisition Created,"Purchase Requisition PR-2026-0066 (Precision Calibration Multimeter, Qty: 10.0) created and ready for vendor evaluation.",approval,0,66,ProcurementRequest,2026-09-29 13:53:46.446454
357,19,Procurement Manager,Purchase Requisition Created,"Purchase Requisition PR-2026-0066 (Precision Calibration Multimeter, Qty: 10.0) created and ready for vendor evaluation.",approval,0,66,ProcurementRequest,2026-09-29 13:53:46.446459
358,3,Finance Officer,Vendor Selection Awaiting Financial Approval,"Vendor selection for PR-2026-0066 (ABC Technologies, Quote: $48,500.00) requires financial approval.",approval,0,66,VendorSelection,2026-09-29 13:53:46.521715
359,4,Supply Chain Manager,Vendor Selection Financially Approved,"Financially approved vendor selection for PR-2026-0066 (ABC Technologies, Allocated Budget: $48,500.00) is ready for PO creation.",order,0,66,ProcurementRequest,2026-09-29 13:53:46.567250
360,21,,New Purchase Order Issued,"Purchase Order PO-2026-0168 (Total: $48,500.00) has been issued to your enterprise. Please review and accept.",order,0,168,PurchaseOrder,2026-09-29 13:53:46.629316
361,4,Supply Chain Manager,Vendor Accepted Purchase Order,Vendor ABC Technologies accepted Purchase Order PO-2026-0168.,order,0,168,PurchaseOrder,2026-09-29 13:53:46.656810
362,3,Finance Officer,Delivery Recorded - Invoice Ready for Verification,"Delivery recorded for PO-2026-0168 (Delivered, Delivered: 10.0/10.0). Invoice ready for 3-way matching and verification.",approval,0,168,PurchaseOrder,2026-09-29 13:53:46.707697
363,6,Auditor,Transaction Completed - Audit Ready,"Transaction PO-2026-0168 (Invoice INV-2026-0150, Amount: $48,500.00) has been paid and is ready for audit review.",approval,0,168,PurchaseOrder,2026-09-29 13:53:46.855002
364,21,,Payment Remittance Processed,"Payment of $48,500.00 for PO-2026-0168 (Ref: TXN-BENCH-1790690026) has been disbursed.",system,0,19,Payment,2026-09-29 13:53:46.856108
365,2,Procurement Manager,Purchase Requisition Created,"Purchase Requisition PR-2026-0067 (phone, Qty: 50.0) created and ready for vendor evaluation.",approval,0,67,ProcurementRequest,2026-09-29 14:09:30.658408
366,19,Procurement Manager,Purchase Requisition Created,"Purchase Requisition PR-2026-0067 (phone, Qty: 50.0) created and ready for vendor evaluation.",approval,0,67,ProcurementRequest,2026-09-29 14:09:30.658415
367,3,Finance Officer,Vendor Selection Awaiting Financial Approval,"Vendor selection for PR-2026-0067 (ABC Technologies, Quote: $24,977.00) requires financial approval.",approval,0,67,VendorSelection,2026-09-29 14:10:56.138612
368,4,Supply Chain Manager,Vendor Selection Financially Approved,"Financially approved vendor selection for PR-2026-0067 (ABC Technologies, Allocated Budget: $24,977.00) is ready for PO creation.",order,0,67,ProcurementRequest,2026-09-29 14:11:52.023571
369,3,Finance Officer,Delivery Recorded - Invoice Ready for Verification,"Delivery recorded for PO-2026-0169 (Delivered, Delivered: 100.0/100.0). Invoice ready for 3-way matching and verification.",approval,0,169,PurchaseOrder,2026-09-29 14:14:01.270916
370,2,Procurement Manager,Purchase Requisition Created,"Purchase Requisition PR-2026-0068 (Precision Calibration Multimeter, Qty: 10.0) created and ready for vendor evaluation.",approval,0,68,ProcurementRequest,2026-09-29 14:19:51.242564
371,19,Procurement Manager,Purchase Requisition Created,"Purchase Requisition PR-2026-0068 (Precision Calibration Multimeter, Qty: 10.0) created and ready for vendor evaluation.",approval,0,68,ProcurementRequest,2026-09-29 14:19:51.242568
372,3,Finance Officer,Vendor Selection Awaiting Financial Approval,"Vendor selection for PR-2026-0068 (ABC Technologies, Quote: $48,500.00) requires financial approval.",approval,0,68,VendorSelection,2026-09-29 14:19:51.314090
373,4,Supply Chain Manager,Vendor Selection Financially Approved,"Financially approved vendor selection for PR-2026-0068 (ABC Technologies, Allocated Budget: $48,500.00) is ready for PO creation.",order,0,68,ProcurementRequest,2026-09-29 14:19:51.355734
374,21,,New Purchase Order Issued,"Purchase Order PO-2026-0170 (Total: $48,500.00) has been issued to your enterprise. Please review and accept.",order,0,170,PurchaseOrder,2026-09-29 14:19:51.416912
375,4,Supply Chain Manager,Vendor Accepted Purchase Order,Vendor ABC Technologies accepted Purchase Order PO-2026-0170.,order,0,170,PurchaseOrder,2026-09-29 14:19:51.443775
376,3,Finance Officer,Delivery Recorded - Invoice Ready for Verification,"Delivery recorded for PO-2026-0170 (Delivered, Delivered: 10.0/10.0). Invoice ready for 3-way matching and verification.",approval,0,170,PurchaseOrder,2026-09-29 14:19:51.493830
377,6,Auditor,Transaction Completed - Audit Ready,"Transaction PO-2026-0170 (Invoice INV-2026-0152, Amount: $48,500.00) has been paid and is ready for audit review.",approval,0,170,PurchaseOrder,2026-09-29 14:19:51.732456
378,21,,Payment Remittance Processed,"Payment of $48,500.00 for PO-2026-0170 (Ref: TXN-BENCH-1790691591) has been disbursed.",system,0,20,Payment,2026-09-29 14:19:51.733875
379,2,Procurement Manager,Purchase Requisition Created,"Purchase Requisition PR-2026-0069 (Precision Calibration Multimeter, Qty: 10.0) created and ready for vendor evaluation.",approval,0,69,ProcurementRequest,2026-09-29 14:33:21.999570
380,19,Procurement Manager,Purchase Requisition Created,"Purchase Requisition PR-2026-0069 (Precision Calibration Multimeter, Qty: 10.0) created and ready for vendor evaluation.",approval,0,69,ProcurementRequest,2026-09-29 14:33:21.999575
381,3,Finance Officer,Vendor Selection Awaiting Financial Approval,"Vendor selection for PR-2026-0069 (ABC Technologies, Quote: $48,500.00) requires financial approval.",approval,0,69,VendorSelection,2026-09-29 14:33:22.073085
382,4,Supply Chain Manager,Vendor Selection Financially Approved,"Financially approved vendor selection for PR-2026-0069 (ABC Technologies, Allocated Budget: $48,500.00) is ready for PO creation.",order,0,69,ProcurementRequest,2026-09-29 14:33:22.152864
383,21,,New Purchase Order Issued,"Purchase Order PO-2026-0171 (Total: $48,500.00) has been issued to your enterprise. Please review and accept.",order,0,171,PurchaseOrder,2026-09-29 14:33:22.214074
384,4,Supply Chain Manager,Vendor Accepted Purchase Order,Vendor ABC Technologies accepted Purchase Order PO-2026-0171.,order,0,171,PurchaseOrder,2026-09-29 14:33:22.245355
385,3,Finance Officer,Delivery Recorded - Invoice Ready for Verification,"Delivery recorded for PO-2026-0171 (Delivered, Delivered: 10.0/10.0). Invoice ready for 3-way matching and verification.",approval,0,171,PurchaseOrder,2026-09-29 14:33:22.319750
386,6,Auditor,Transaction Completed - Audit Ready,"Transaction PO-2026-0171 (Invoice INV-2026-0153, Amount: $48,500.00) has been paid and is ready for audit review.",approval,0,171,PurchaseOrder,2026-09-29 14:33:22.487970
387,21,,Payment Remittance Processed,"Payment of $48,500.00 for PO-2026-0171 (Ref: TXN-BENCH-1790692402) has been disbursed.",system,0,21,Payment,2026-09-29 14:33:22.489332
388,4,Supply Chain Manager,Vendor Accepted Purchase Order,Vendor David Chen accepted Purchase Order PO-2026-0001.,order,0,1,PurchaseOrder,2026-10-01 13:56:14.311837
389,4,Supply Chain Manager,Shipment Dispatched - In Transit,Order PO-2026-0001 dispatched by David Chen via FedEx Express (Tracking: TRK-9876543210). Ready for delivery tracking.,order,0,1,PurchaseOrder,2026-10-01 13:56:14.378038
390,4,Supply Chain Manager,Purchase Order Rejected by Vendor,Vendor David Chen rejected PO-TEST-REJECT-999. Reason: Declined by vendor.,alert,0,172,PurchaseOrder,2026-10-01 13:56:14.410555
391,4,Supply Chain Manager,Vendor Accepted Purchase Order,Vendor ABC Technologies accepted Purchase Order PO-2026-0146.,order,0,146,PurchaseOrder,2026-10-01 14:03:49.438616
392,4,Supply Chain Manager,Shipment Dispatched - In Transit,Order PO-2026-0146 dispatched by ABC Technologies via FedEx Express (Tracking: TRK-9876543210). Ready for delivery tracking.,order,0,146,PurchaseOrder,2026-10-01 14:03:49.458775
393,4,Supply Chain Manager,Purchase Order Rejected by Vendor,Vendor David Chen rejected PO-TEST-REJECT-1790863458. Reason: Production capacity reached for this quarter.,alert,0,172,PurchaseOrder,2026-10-01 14:04:18.145238
394,2,Procurement Manager,Purchase Requisition Created,"Purchase Requisition PR-2026-0070 (mouse, Qty: 5.0) created and ready for vendor evaluation.",approval,0,70,ProcurementRequest,2026-10-01 14:19:09.857626
395,19,Procurement Manager,Purchase Requisition Created,"Purchase Requisition PR-2026-0070 (mouse, Qty: 5.0) created and ready for vendor evaluation.",approval,0,70,ProcurementRequest,2026-10-01 14:19:09.857633
396,3,Finance Officer,Vendor Selection Awaiting Financial Approval,"Vendor selection for PR-2026-0070 (ABC Technologies, Quote: $250.00) requires financial approval.",approval,0,70,VendorSelection,2026-10-01 14:19:26.225845
397,4,Supply Chain Manager,Vendor Selection Financially Approved,"Financially approved vendor selection for PR-2026-0070 (ABC Technologies, Allocated Budget: $250.00) is ready for PO creation.",order,0,70,ProcurementRequest,2026-10-01 14:19:36.840454
398,4,Supply Chain Manager,Vendor Accepted Purchase Order,Vendor ABC Technologies accepted Purchase Order PO-2026-0172.,order,0,172,PurchaseOrder,2026-10-01 14:21:50.611448
399,4,Supply Chain Manager,Shipment Dispatched - In Transit,Order PO-2026-0172 dispatched by ABC Technologies via DHL Express Freight (Tracking: TRK-4646325). Ready for delivery tracking.,order,0,172,PurchaseOrder,2026-10-01 14:24:07.876881
400,3,Finance Officer,Delivery Recorded - Invoice Ready for Verification,"Delivery recorded for PO-2026-0172 (Delayed, Delivered: 100.0/100.0). Invoice ready for 3-way matching and verification.",approval,0,172,PurchaseOrder,2026-10-01 14:26:22.094405
401,3,Finance Officer,Delivery Recorded - Invoice Ready for Verification,"Delivery recorded for PO-2026-0172 (Delayed, Delivered: 100.0/100.0). Invoice ready for 3-way matching and verification.",approval,0,172,PurchaseOrder,2026-10-01 14:26:31.119649
402,6,Auditor,Transaction Completed - Audit Ready,"Transaction PO-2026-0172 (Invoice INV-2026-0154, Amount: $250.00) has been paid and is ready for audit review.",approval,0,172,PurchaseOrder,2026-10-01 14:27:48.591884
403,21,,Payment Remittance Processed,Payment of $250.00 for PO-2026-0172 (Ref: EFT-TX-866685) has been disbursed.,system,0,22,Payment,2026-10-01 14:27:48.597347
404,4,Supply Chain Manager,Vendor Selection Financially Approved,"Financially approved vendor selection for PR-2026-0041 (yashwanth, Allocated Budget: $25,000.00) is ready for PO creation.",order,0,41,ProcurementRequest,2026-10-01 14:29:53.594473
405,4,Supply Chain Manager,Vendor Selection Financially Approved,"Financially approved vendor selection for PR-2026-0036 (ABC Technologies, Allocated Budget: $2,450,000.00) is ready for PO creation.",order,0,36,ProcurementRequest,2026-10-01 14:32:06.490356
406,3,Finance Officer,Delivery Completed - Payment Processing Required,Supply Chain confirmed 100% delivery completion for PO PO-2026-0172. Invoice INV-2026-0154 is ready for 3-way match verification and payment disbursement.,approval,0,172,PurchaseOrder,2026-10-01 14:35:03.018964
407,3,Finance Officer,Delivery Completed - Payment Processing Required,Supply Chain confirmed 100% delivery completion for PO PO-2026-0172. Invoice INV-2026-0154 is ready for 3-way match verification and payment disbursement.,approval,0,172,PurchaseOrder,2026-10-01 14:35:05.037793
408,2,Procurement Manager,Purchase Requisition Created,"Purchase Requisition PR-2026-0071 (Precision Calibration Multimeter, Qty: 10.0) created and ready for vendor evaluation.",approval,0,71,ProcurementRequest,2026-10-01 16:55:02.122595
409,19,Procurement Manager,Purchase Requisition Created,"Purchase Requisition PR-2026-0071 (Precision Calibration Multimeter, Qty: 10.0) created and ready for vendor evaluation.",approval,0,71,ProcurementRequest,2026-10-01 16:55:02.122599
410,3,Finance Officer,Vendor Selection Awaiting Financial Approval,"Vendor selection for PR-2026-0071 (ABC Technologies, Quote: $48,500.00) requires financial approval.",approval,0,71,VendorSelection,2026-10-01 16:55:02.198502
411,4,Supply Chain Manager,Vendor Selection Financially Approved,"Financially approved vendor selection for PR-2026-0071 (ABC Technologies, Allocated Budget: $48,500.00) is ready for PO creation.",order,0,71,ProcurementRequest,2026-10-01 16:55:02.249038
412,21,,New Purchase Order Issued,"Purchase Order PO-2026-0173 (Total: $48,500.00) has been issued to your enterprise. Please review and accept.",order,0,173,PurchaseOrder,2026-10-01 16:55:02.317856
413,4,Supply Chain Manager,Vendor Accepted Purchase Order,Vendor ABC Technologies accepted Purchase Order PO-2026-0173.,order,0,173,PurchaseOrder,2026-10-01 16:55:02.346767
414,3,Finance Officer,Delivery Recorded - Invoice Ready for Verification,"Delivery recorded for PO-2026-0173 (Delivered, Delivered: 10.0/10.0). Invoice ready for 3-way matching and verification.",approval,0,173,PurchaseOrder,2026-10-01 16:55:02.402952
415,6,Auditor,Transaction Completed - Audit Ready,"Transaction PO-2026-0173 (Invoice INV-2026-0155, Amount: $48,500.00) has been paid and is ready for audit review.",approval,0,173,PurchaseOrder,2026-10-01 16:55:02.674705
416,21,,Payment Remittance Processed,"Payment of $48,500.00 for PO-2026-0173 (Ref: TXN-BENCH-1790873702) has been disbursed.",system,0,23,Payment,2026-10-01 16:55:02.675901
417,1,Administrator,New User Registration Verification,New Vendor registration: 'Advanced Optics Rep' (Advanced Optics Rep) registered under category 'Office Supplies & Equipment'. Awaiting Administrator verification.,registration,0,59,UserRegistration,2026-10-01 16:55:11.081516
418,1,Administrator,New User Registration Verification,New Vendor registration: 'Advanced Optics Rep' (Advanced Optics Rep) registered under category 'Office Supplies & Equipment'. Awaiting Administrator verification.,registration,0,60,UserRegistration,2026-10-01 16:58:21.798210
419,60,,Account Approved,Welcome to Vendor Reliability & Risk Management System. Your account has been verified and approved with role 'Vendor'.,approval,0,60,User,2026-10-01 16:58:21.840853
420,2,Procurement Manager,Purchase Requisition Created,"Purchase Requisition PR-2026-0072 (High-Grade Industrial Fasteners, Qty: 100.0) created and ready for vendor evaluation.",approval,0,72,ProcurementRequest,2026-10-01 16:58:21.930510
421,19,Procurement Manager,Purchase Requisition Created,"Purchase Requisition PR-2026-0072 (High-Grade Industrial Fasteners, Qty: 100.0) created and ready for vendor evaluation.",approval,0,72,ProcurementRequest,2026-10-01 16:58:21.930514
422,1,Administrator,New User Registration Verification,New Vendor registration: 'Advanced Optics Rep' (Advanced Optics Rep) registered under category 'Office Supplies & Equipment'. Awaiting Administrator verification.,registration,0,61,UserRegistration,2026-10-01 17:00:14.806660
423,61,,Account Approved,Welcome to Vendor Reliability & Risk Management System. Your account has been verified and approved with role 'Vendor'.,approval,0,61,User,2026-10-01 17:00:14.849475
424,2,Procurement Manager,Purchase Requisition Created,"Purchase Requisition PR-2026-0073 (Industrial Metals, Polymers & Composites, Qty: 100.0) created and ready for vendor evaluation.",approval,0,73,ProcurementRequest,2026-10-01 17:00:14.934250
425,19,Procurement Manager,Purchase Requisition Created,"Purchase Requisition PR-2026-0073 (Industrial Metals, Polymers & Composites, Qty: 100.0) created and ready for vendor evaluation.",approval,0,73,ProcurementRequest,2026-10-01 17:00:14.934254
426,3,Finance Officer,Vendor Selection Awaiting Financial Approval,"Vendor selection for PR-2026-0073 (David Chen, Quote: $11,500.00) requires financial approval.",approval,0,73,VendorSelection,2026-10-01 17:00:14.961724
427,4,Supply Chain Manager,Vendor Selection Financially Approved,"Financially approved vendor selection for PR-2026-0073 (David Chen, Allocated Budget: $11,500.00) is ready for PO creation.",order,0,73,ProcurementRequest,2026-10-01 17:00:15.007045
428,5,,New Purchase Order Issued,"Purchase Order PO-2026-0174 (Total: $11,500.00) has been issued to your enterprise. Please review and accept.",order,0,174,PurchaseOrder,2026-10-01 17:00:15.062006
429,4,Supply Chain Manager,Vendor Accepted Purchase Order,Vendor David Chen accepted Purchase Order PO-2026-0174.,order,0,174,PurchaseOrder,2026-10-01 17:00:15.088914
430,3,Finance Officer,Delivery Recorded - Invoice Ready for Verification,"Delivery recorded for PO-2026-0174 (Delivered, Delivered: 100.0/100.0). Invoice ready for 3-way matching and verification.",approval,0,174,PurchaseOrder,2026-10-01 17:00:15.164032
431,3,Finance Officer,Delivery Completed - Payment Processing Required,Supply Chain confirmed 100% delivery completion for PO PO-2026-0174. Invoice INV-2026-0156 is ready for 3-way match verification and payment disbursement.,approval,0,174,PurchaseOrder,2026-10-01 17:00:15.237406
432,6,Auditor,Transaction Completed - Audit Ready,"Transaction PO-2026-0174 (Invoice INV-2026-0156, Amount: $11,500.00) has been paid and is ready for audit review.",approval,0,174,PurchaseOrder,2026-10-01 17:00:15.516547
433,5,,Payment Remittance Processed,"Payment of $11,500.00 for PO-2026-0174 (Ref: WT-1790874015) has been disbursed.",system,0,24,Payment,2026-10-01 17:00:15.563538
434,1,Administrator,New User Registration Verification,New user registration for Approve Candidate (user.approve.1790874028640@vendor-iq.com) with requested role 'Requesting User' requires verification.,registration,0,62,UserRegistration,2026-10-01 17:00:28.668108
435,1,Administrator,New User Registration Verification,New user registration for Reject Candidate (user.reject.1790874028640@vendor-iq.com) with requested role 'Procurement Manager' requires verification.,registration,0,63,UserRegistration,2026-10-01 17:00:28.681128
436,1,Administrator,New User Registration Verification,New user registration for Approve Candidate (user.approve.1790874099373@vendor-iq.com) with requested role 'Requesting User' requires verification.,registration,0,64,UserRegistration,2026-10-01 17:01:39.402667
437,1,Administrator,New User Registration Verification,New user registration for Reject Candidate (user.reject.1790874099373@vendor-iq.com) with requested role 'Procurement Manager' requires verification.,registration,0,65,UserRegistration,2026-10-01 17:01:39.416172
438,2,Procurement Manager,Purchase Requisition Created,"Purchase Requisition PR-2026-0075 (Laptop, Qty: 50.0) created and ready for vendor evaluation.",approval,0,75,ProcurementRequest,2026-10-01 17:02:09.512334
439,19,Procurement Manager,Purchase Requisition Created,"Purchase Requisition PR-2026-0075 (Laptop, Qty: 50.0) created and ready for vendor evaluation.",approval,0,75,ProcurementRequest,2026-10-01 17:02:09.512338
440,3,Finance Officer,Vendor Selection Awaiting Financial Approval,"Vendor selection for PR-2026-0075 (ABC Technologies, Quote: $2,450,000.00) requires financial approval.",approval,0,75,VendorSelection,2026-10-01 17:02:09.688360
441,1,Administrator,New User Registration Verification,New user registration for Test Engineer (test.engineer.1790874163@vendor-iq.com) with requested role 'Requesting User' requires verification.,registration,0,64,UserRegistration,2026-10-01 17:02:43.094907
442,64,,Account Approved,Welcome to Vendor Reliability & Risk Management System. Your account has been verified and approved with role 'Requesting User'.,approval,0,64,User,2026-10-01 17:02:43.118652
443,2,Procurement Manager,Purchase Requisition Created,"Purchase Requisition PR-2026-0076 (High-Density Storage Server, Qty: 2.0) created and ready for vendor evaluation.",approval,0,76,ProcurementRequest,2026-10-01 17:02:43.152356
444,19,Procurement Manager,Purchase Requisition Created,"Purchase Requisition PR-2026-0076 (High-Density Storage Server, Qty: 2.0) created and ready for vendor evaluation.",approval,0,76,ProcurementRequest,2026-10-01 17:02:43.152360
445,1,Administrator,New User Registration Verification,New user registration for Test Engineer (test.engineer.1790874254@vendor-iq.com) with requested role 'Requesting User' requires verification.,registration,0,65,UserRegistration,2026-10-01 17:04:14.773054
446,65,,Account Approved,Welcome to Vendor Reliability & Risk Management System. Your account has been verified and approved with role 'Requesting User'.,approval,0,65,User,2026-10-01 17:04:14.799138
447,2,Procurement Manager,Purchase Requisition Created,"Purchase Requisition PR-2026-0077 (Laptop, Qty: 2.0) created and ready for vendor evaluation.",approval,0,77,ProcurementRequest,2026-10-01 17:04:14.832807
448,19,Procurement Manager,Purchase Requisition Created,"Purchase Requisition PR-2026-0077 (Laptop, Qty: 2.0) created and ready for vendor evaluation.",approval,0,77,ProcurementRequest,2026-10-01 17:04:14.832811
449,3,Finance Officer,Vendor Selection Awaiting Financial Approval,"Vendor selection for PR-2026-0077 (ABC Technologies, Quote: $15,400.00) requires financial approval.",approval,0,77,VendorSelection,2026-10-01 17:04:14.874534
450,4,Supply Chain Manager,Vendor Selection Financially Approved,"Financially approved vendor selection for PR-2026-0077 (ABC Technologies, Allocated Budget: $15,400.00) is ready for PO creation.",order,0,77,ProcurementRequest,2026-10-01 17:04:14.946916
451,21,,New Purchase Order Issued,"Purchase Order PO-2026-0176 (Total: $15,400.00) has been issued to your enterprise. Please review and accept.",order,0,176,PurchaseOrder,2026-10-01 17:04:15.037795
452,4,Supply Chain Manager,Vendor Accepted Purchase Order,Vendor ABC Technologies accepted Purchase Order PO-2026-0176.,order,0,176,PurchaseOrder,2026-10-01 17:04:15.056873
453,1,Administrator,New User Registration Verification,New user registration for Test Engineer (test.engineer.1790874271@vendor-iq.com) with requested role 'Requesting User' requires verification.,registration,0,66,UserRegistration,2026-10-01 17:04:31.171143
455,2,Procurement Manager,Purchase Requisition Created,"Purchase Requisition PR-2026-0078 (Laptop, Qty: 2.0) created and ready for vendor evaluation.",approval,0,78,ProcurementRequest,2026-10-01 17:04:31.228960
456,19,Procurement Manager,Purchase Requisition Created,"Purchase Requisition PR-2026-0078 (Laptop, Qty: 2.0) created and ready for vendor evaluation.",approval,0,78,ProcurementRequest,2026-10-01 17:04:31.228964
457,3,Finance Officer,Vendor Selection Awaiting Financial Approval,"Vendor selection for PR-2026-0078 (ABC Technologies, Quote: $15,400.00) requires financial approval.",approval,0,78,VendorSelection,2026-10-01 17:04:31.271108
458,4,Supply Chain Manager,Vendor Selection Financially Approved,"Financially approved vendor selection for PR-2026-0078 (ABC Technologies, Allocated Budget: $15,400.00) is ready for PO creation.",order,0,78,ProcurementRequest,2026-10-01 17:04:31.337519
459,21,,New Purchase Order Issued,"Purchase Order PO-2026-0177 (Total: $15,400.00) has been issued to your enterprise. Please review and accept.",order,0,177,PurchaseOrder,2026-10-01 17:04:31.454530
460,4,Supply Chain Manager,Vendor Accepted Purchase Order,Vendor ABC Technologies accepted Purchase Order PO-2026-0177.,order,0,177,PurchaseOrder,2026-10-01 17:04:31.473229
461,1,,New Vendor Registration,Vendor 'Precision Tech Components' (Precision Tech Components Ltd 1790874364589) registered with login account (precision_1790874364589@techparts.io).,approval,0,58,vendor,2026-10-01 17:06:04.752386
462,2,,New Vendor Registration,Vendor 'Precision Tech Components' (Precision Tech Components Ltd 1790874364589) registered with login account (precision_1790874364589@techparts.io).,approval,0,58,vendor,2026-10-01 17:06:04.752389
463,19,,New Vendor Registration,Vendor 'Precision Tech Components' (Precision Tech Components Ltd 1790874364589) registered with login account (precision_1790874364589@techparts.io).,approval,0,58,vendor,2026-10-01 17:06:04.752391
464,63,,New Vendor Registration,Vendor 'Precision Tech Components' (Precision Tech Components Ltd 1790874364589) registered with login account (precision_1790874364589@techparts.io).,approval,0,58,vendor,2026-10-01 17:06:04.752393
465,1,,New Vendor Registration,Vendor 'Precision Tech Components' (Precision Tech Components Ltd 1790874408148) registered with login account (precision_1790874408148@techparts.io).,approval,0,61,vendor,2026-10-01 17:06:48.299927
466,2,,New Vendor Registration,Vendor 'Precision Tech Components' (Precision Tech Components Ltd 1790874408148) registered with login account (precision_1790874408148@techparts.io).,approval,0,61,vendor,2026-10-01 17:06:48.299932
467,19,,New Vendor Registration,Vendor 'Precision Tech Components' (Precision Tech Components Ltd 1790874408148) registered with login account (precision_1790874408148@techparts.io).,approval,0,61,vendor,2026-10-01 17:06:48.299936
468,63,,New Vendor Registration,Vendor 'Precision Tech Components' (Precision Tech Components Ltd 1790874408148) registered with login account (precision_1790874408148@techparts.io).,approval,0,61,vendor,2026-10-01 17:06:48.299939
469,1,Administrator,New User Registration Verification,New Vendor registration: 'Portal Vendor Rep' (Portal Vendor Rep) registered under category 'Logistics & Transportation'. Awaiting Administrator verification.,registration,0,73,UserRegistration,2026-10-01 17:06:48.412362
470,1,,New Vendor Registration,Vendor 'Precision Tech Components' (Precision Tech Components Ltd 1790874432445) registered with login account (precision_1790874432445@techparts.io).,approval,0,65,vendor,2026-10-01 17:07:12.600413
471,2,,New Vendor Registration,Vendor 'Precision Tech Components' (Precision Tech Components Ltd 1790874432445) registered with login account (precision_1790874432445@techparts.io).,approval,0,65,vendor,2026-10-01 17:07:12.600418
472,19,,New Vendor Registration,Vendor 'Precision Tech Components' (Precision Tech Components Ltd 1790874432445) registered with login account (precision_1790874432445@techparts.io).,approval,0,65,vendor,2026-10-01 17:07:12.600422
473,63,,New Vendor Registration,Vendor 'Precision Tech Components' (Precision Tech Components Ltd 1790874432445) registered with login account (precision_1790874432445@techparts.io).,approval,0,65,vendor,2026-10-01 17:07:12.600424
474,1,Administrator,New User Registration Verification,New Vendor registration: 'Portal Vendor Rep' (Portal Vendor Rep) registered under category 'Logistics & Transportation'. Awaiting Administrator verification.,registration,0,77,UserRegistration,2026-10-01 17:07:12.724416
475,77,,Account Approved,Welcome to Vendor Reliability & Risk Management System. Your account has been verified and approved with role 'Vendor'.,approval,0,77,User,2026-10-01 17:07:12.748005
476,1,Administrator,New User Registration Verification,New Vendor registration: 'murali' (murali) registered under category 'Office Supplies & Equipment'. Awaiting Administrator verification.,registration,0,78,UserRegistration,2026-10-01 17:13:57.056234
477,2,Procurement Manager,Purchase Requisition Created,"Purchase Requisition PR-2026-0079 (Laptop, Qty: 50.0) created and ready for vendor evaluation.",approval,0,79,ProcurementRequest,2026-10-01 17:15:57.993185
478,19,Procurement Manager,Purchase Requisition Created,"Purchase Requisition PR-2026-0079 (Laptop, Qty: 50.0) created and ready for vendor evaluation.",approval,0,79,ProcurementRequest,2026-10-01 17:15:57.993192
479,2,Procurement Manager,Purchase Requisition Created,"Purchase Requisition PR-2026-0080 (Laptop, Qty: 50.0) created and ready for vendor evaluation.",approval,0,80,ProcurementRequest,2026-10-01 17:16:42.733758
480,19,Procurement Manager,Purchase Requisition Created,"Purchase Requisition PR-2026-0080 (Laptop, Qty: 50.0) created and ready for vendor evaluation.",approval,0,80,ProcurementRequest,2026-10-01 17:16:42.733766
481,3,Finance Officer,Vendor Selection Awaiting Financial Approval,"Vendor selection for PR-2026-0076 (ABC Technologies, Quote: $16,000.00) requires financial approval.",approval,0,76,VendorSelection,2026-10-01 17:17:47.683703
482,4,Supply Chain Manager,Vendor Selection Financially Approved,"Financially approved vendor selection for PR-2026-0076 (ABC Technologies, Allocated Budget: $16,000.00) is ready for PO creation.",order,0,76,ProcurementRequest,2026-10-01 17:18:05.241696
483,4,Supply Chain Manager,Vendor Accepted Purchase Order,Vendor ABC Technologies accepted Purchase Order PO-2026-0178.,order,0,178,PurchaseOrder,2026-10-01 17:19:29.047667
484,4,Supply Chain Manager,Shipment Dispatched - In Transit,Order PO-2026-0178 dispatched by ABC Technologies via DHL Express Freight (Tracking: TRK-5256090). Ready for delivery tracking.,order,0,178,PurchaseOrder,2026-10-01 17:20:57.583985
485,3,Finance Officer,Delivery Recorded - Invoice Ready for Verification,"Delivery recorded for PO-2026-0178 (Delayed, Delivered: 100.0/100.0). Invoice ready for 3-way matching and verification.",approval,0,178,PurchaseOrder,2026-10-01 17:21:54.211494
486,3,Finance Officer,Delivery Recorded - Invoice Ready for Verification,"Delivery recorded for PO-2026-0178 (Delayed, Delivered: 100.0/100.0). Invoice ready for 3-way matching and verification.",approval,0,178,PurchaseOrder,2026-10-01 17:22:00.691233
487,6,Auditor,Transaction Completed - Audit Ready,"Transaction PO-2026-0178 (Invoice INV-2026-0158, Amount: $16,000.00) has been paid and is ready for audit review.",approval,0,178,PurchaseOrder,2026-10-01 17:22:30.619163
488,21,,Payment Remittance Processed,"Payment of $16,000.00 for PO-2026-0178 (Ref: EFT-TX-348926) has been disbursed.",system,0,25,Payment,2026-10-01 17:22:30.631486
489,2,Procurement Manager,Purchase Requisition Created,"Purchase Requisition PR-2026-0081 (Precision Calibration Multimeter, Qty: 10.0) created and ready for vendor evaluation.",approval,0,81,ProcurementRequest,2026-10-01 17:49:36.743945
490,19,Procurement Manager,Purchase Requisition Created,"Purchase Requisition PR-2026-0081 (Precision Calibration Multimeter, Qty: 10.0) created and ready for vendor evaluation.",approval,0,81,ProcurementRequest,2026-10-01 17:49:36.743949
491,3,Finance Officer,Vendor Selection Awaiting Financial Approval,"Vendor selection for PR-2026-0081 (ABC Technologies, Quote: $48,500.00) requires financial approval.",approval,0,81,VendorSelection,2026-10-01 17:49:36.814896
492,4,Supply Chain Manager,Vendor Selection Financially Approved,"Financially approved vendor selection for PR-2026-0081 (ABC Technologies, Allocated Budget: $48,500.00) is ready for PO creation.",order,0,81,ProcurementRequest,2026-10-01 17:49:36.859548
493,21,,New Purchase Order Issued,"Purchase Order PO-2026-0179 (Total: $48,500.00) has been issued to your enterprise. Please review and accept.",order,0,179,PurchaseOrder,2026-10-01 17:49:36.926494
494,4,Supply Chain Manager,Vendor Accepted Purchase Order,Vendor ABC Technologies accepted Purchase Order PO-2026-0179.,order,0,179,PurchaseOrder,2026-10-01 17:49:36.953808
495,3,Finance Officer,Delivery Recorded - Invoice Ready for Verification,"Delivery recorded for PO-2026-0179 (Delivered, Delivered: 10.0/10.0). Invoice ready for 3-way matching and verification.",approval,0,179,PurchaseOrder,2026-10-01 17:49:37.008110
496,6,Auditor,Transaction Completed - Audit Ready,"Transaction PO-2026-0179 (Invoice INV-2026-0159, Amount: $48,500.00) has been paid and is ready for audit review.",approval,0,179,PurchaseOrder,2026-10-01 17:49:37.233963
497,21,,Payment Remittance Processed,"Payment of $48,500.00 for PO-2026-0179 (Ref: TXN-BENCH-1790876977) has been disbursed.",system,0,26,Payment,2026-10-01 17:49:37.235228
498,2,Procurement Manager,Purchase Requisition Created,"Purchase Requisition PR-2026-0082 (Precision Calibration Multimeter, Qty: 10.0) created and ready for vendor evaluation.",approval,0,82,ProcurementRequest,2026-10-01 17:58:32.498456
499,19,Procurement Manager,Purchase Requisition Created,"Purchase Requisition PR-2026-0082 (Precision Calibration Multimeter, Qty: 10.0) created and ready for vendor evaluation.",approval,0,82,ProcurementRequest,2026-10-01 17:58:32.498464
500,3,Finance Officer,Vendor Selection Awaiting Financial Approval,"Vendor selection for PR-2026-0082 (ABC Technologies, Quote: $48,500.00) requires financial approval.",approval,0,82,VendorSelection,2026-10-01 17:58:32.585137
501,4,Supply Chain Manager,Vendor Selection Financially Approved,"Financially approved vendor selection for PR-2026-0082 (ABC Technologies, Allocated Budget: $48,500.00) is ready for PO creation.",order,0,82,ProcurementRequest,2026-10-01 17:58:32.629952
502,21,,New Purchase Order Issued,"Purchase Order PO-2026-0180 (Total: $48,500.00) has been issued to your enterprise. Please review and accept.",order,0,180,PurchaseOrder,2026-10-01 17:58:32.704310
503,4,Supply Chain Manager,Vendor Accepted Purchase Order,Vendor ABC Technologies accepted Purchase Order PO-2026-0180.,order,0,180,PurchaseOrder,2026-10-01 17:58:32.732011
504,3,Finance Officer,Delivery Recorded - Invoice Ready for Verification,"Delivery recorded for PO-2026-0180 (Delivered, Delivered: 10.0/10.0). Invoice ready for 3-way matching and verification.",approval,0,180,PurchaseOrder,2026-10-01 17:58:32.787870
505,6,Auditor,Transaction Completed - Audit Ready,"Transaction PO-2026-0180 (Invoice INV-2026-0160, Amount: $48,500.00) has been paid and is ready for audit review.",approval,0,180,PurchaseOrder,2026-10-01 17:58:33.015069
506,21,,Payment Remittance Processed,"Payment of $48,500.00 for PO-2026-0180 (Ref: TXN-BENCH-1790877512) has been disbursed.",system,0,27,Payment,2026-10-01 17:58:33.016495
507,2,Procurement Manager,Purchase Requisition Created,"Purchase Requisition PR-2026-0083 (Laptop, Qty: 50.0) created and ready for vendor evaluation.",approval,0,83,ProcurementRequest,2026-10-01 17:58:47.335510
508,19,Procurement Manager,Purchase Requisition Created,"Purchase Requisition PR-2026-0083 (Laptop, Qty: 50.0) created and ready for vendor evaluation.",approval,0,83,ProcurementRequest,2026-10-01 17:58:47.335515
509,3,Finance Officer,Vendor Selection Awaiting Financial Approval,"Vendor selection for PR-2026-0083 (ABC Technologies, Quote: $2,450,000.00) requires financial approval.",approval,0,83,VendorSelection,2026-10-01 17:58:47.477162
510,2,Procurement Manager,Purchase Requisition Created,"Purchase Requisition PR-2026-0084 (Precision Ball Bearings, Qty: 25.0) created and ready for vendor evaluation.",approval,0,84,ProcurementRequest,2026-10-01 17:59:13.477848
511,19,Procurement Manager,Purchase Requisition Created,"Purchase Requisition PR-2026-0084 (Precision Ball Bearings, Qty: 25.0) created and ready for vendor evaluation.",approval,0,84,ProcurementRequest,2026-10-01 17:59:13.477852
512,2,Procurement Manager,Purchase Requisition Created,"Purchase Requisition PR-2026-0085 (Precision Ball Bearings, Qty: 25.0) created and ready for vendor evaluation.",approval,0,85,ProcurementRequest,2026-10-01 18:01:52.701652
513,19,Procurement Manager,Purchase Requisition Created,"Purchase Requisition PR-2026-0085 (Precision Ball Bearings, Qty: 25.0) created and ready for vendor evaluation.",approval,0,85,ProcurementRequest,2026-10-01 18:01:52.701656
514,2,Procurement Manager,Procurement Request Created,Procurement Request PR-2026-0086 (Server Memory Modules) created.,approval,0,86,ProcurementRequest,2026-10-01 18:02:06.651524
515,19,Procurement Manager,Procurement Request Created,Procurement Request PR-2026-0086 (Server Memory Modules) created.,approval,0,86,ProcurementRequest,2026-10-01 18:02:06.651532
516,2,Procurement Manager,Purchase Requisition Created,"Purchase Requisition PR-2026-0087 (Precision Calibration Multimeter, Qty: 10.0) created and ready for vendor evaluation.",approval,0,87,ProcurementRequest,2026-10-01 18:02:25.505839
517,19,Procurement Manager,Purchase Requisition Created,"Purchase Requisition PR-2026-0087 (Precision Calibration Multimeter, Qty: 10.0) created and ready for vendor evaluation.",approval,0,87,ProcurementRequest,2026-10-01 18:02:25.505844
518,3,Finance Officer,Vendor Selection Awaiting Financial Approval,"Vendor selection for PR-2026-0087 (ABC Technologies, Quote: $48,500.00) requires financial approval.",approval,0,87,VendorSelection,2026-10-01 18:02:25.590281
519,4,Supply Chain Manager,Vendor Selection Financially Approved,"Financially approved vendor selection for PR-2026-0087 (ABC Technologies, Allocated Budget: $48,500.00) is ready for PO creation.",order,0,87,ProcurementRequest,2026-10-01 18:02:25.634972
520,21,,New Purchase Order Issued,"Purchase Order PO-2026-0181 (Total: $48,500.00) has been issued to your enterprise. Please review and accept.",order,0,181,PurchaseOrder,2026-10-01 18:02:25.702866
521,4,Supply Chain Manager,Vendor Accepted Purchase Order,Vendor ABC Technologies accepted Purchase Order PO-2026-0181.,order,0,181,PurchaseOrder,2026-10-01 18:02:25.732048
522,3,Finance Officer,Delivery Recorded - Invoice Ready for Verification,"Delivery recorded for PO-2026-0181 (Delivered, Delivered: 10.0/10.0). Invoice ready for 3-way matching and verification.",approval,0,181,PurchaseOrder,2026-10-01 18:02:25.788014
523,6,Auditor,Transaction Completed - Audit Ready,"Transaction PO-2026-0181 (Invoice INV-2026-0161, Amount: $48,500.00) has been paid and is ready for audit review.",approval,0,181,PurchaseOrder,2026-10-01 18:02:26.015588
524,21,,Payment Remittance Processed,"Payment of $48,500.00 for PO-2026-0181 (Ref: TXN-BENCH-1790877745) has been disbursed.",system,0,28,Payment,2026-10-01 18:02:26.016955
525,1,Administrator,New User Registration Verification,New Vendor registration: 'Advanced Optics Rep' (Advanced Optics Rep) registered under category 'Office Supplies & Equipment'. Awaiting Administrator verification.,registration,0,79,UserRegistration,2026-10-01 18:02:32.202673
526,79,,Account Approved,Welcome to Vendor Reliability & Risk Management System. Your account has been verified and approved with role 'Vendor'.,approval,0,79,User,2026-10-01 18:02:32.241682
527,2,Procurement Manager,Purchase Requisition Created,"Purchase Requisition PR-2026-0088 (Industrial Metals, Polymers & Composites, Qty: 100.0) created and ready for vendor evaluation.",approval,0,88,ProcurementRequest,2026-10-01 18:02:32.319961
528,19,Procurement Manager,Purchase Requisition Created,"Purchase Requisition PR-2026-0088 (Industrial Metals, Polymers & Composites, Qty: 100.0) created and ready for vendor evaluation.",approval,0,88,ProcurementRequest,2026-10-01 18:02:32.319969
529,3,Finance Officer,Vendor Selection Awaiting Financial Approval,"Vendor selection for PR-2026-0088 (David Chen, Quote: $11,500.00) requires financial approval.",approval,0,88,VendorSelection,2026-10-01 18:02:32.346034
530,4,Supply Chain Manager,Vendor Selection Financially Approved,"Financially approved vendor selection for PR-2026-0088 (David Chen, Allocated Budget: $11,500.00) is ready for PO creation.",order,0,88,ProcurementRequest,2026-10-01 18:02:32.391585
531,5,,New Purchase Order Issued,"Purchase Order PO-2026-0182 (Total: $11,500.00) has been issued to your enterprise. Please review and accept.",order,0,182,PurchaseOrder,2026-10-01 18:02:32.446744
532,4,Supply Chain Manager,Vendor Accepted Purchase Order,Vendor David Chen accepted Purchase Order PO-2026-0182.,order,0,182,PurchaseOrder,2026-10-01 18:02:32.473120
533,3,Finance Officer,Delivery Recorded - Invoice Ready for Verification,"Delivery recorded for PO-2026-0182 (Delivered, Delivered: 100.0/100.0). Invoice ready for 3-way matching and verification.",approval,0,182,PurchaseOrder,2026-10-01 18:02:32.543053
534,3,Finance Officer,Delivery Completed - Payment Processing Required,Supply Chain confirmed 100% delivery completion for PO PO-2026-0182. Invoice INV-2026-0162 is ready for 3-way match verification and payment disbursement.,approval,0,182,PurchaseOrder,2026-10-01 18:02:32.620656
535,6,Auditor,Transaction Completed - Audit Ready,"Transaction PO-2026-0182 (Invoice INV-2026-0162, Amount: $11,500.00) has been paid and is ready for audit review.",approval,0,182,PurchaseOrder,2026-10-01 18:02:32.903913
536,5,,Payment Remittance Processed,"Payment of $11,500.00 for PO-2026-0182 (Ref: WT-1790877752) has been disbursed.",system,0,29,Payment,2026-10-01 18:02:32.906763
537,4,Supply Chain Manager,Order Dispatched by Vendor,"Vendor David Chen updated PO PO-2026-0001 to 'Dispatched'. Carrier: DHL Express Freight, Tracking: TRK-DHL-9921",order,0,1,PurchaseOrder,2026-10-03 14:48:00.171033
538,4,Supply Chain Manager,Order In Transit by Vendor,"Vendor David Chen updated PO PO-2026-0001 to 'In Transit'. Carrier: DHL Express Freight, Tracking: TRK-DHL-9921",order,0,1,PurchaseOrder,2026-10-03 14:48:00.176759
539,4,Supply Chain Manager,Order Delivered by Vendor,"Vendor David Chen updated PO PO-2026-0001 to 'Delivered'. Carrier: DHL Express Freight, Tracking: TRK-DHL-9921",order,0,1,PurchaseOrder,2026-10-03 14:48:00.181970
540,4,Supply Chain Manager,Purchase Order Rejected by Vendor,Vendor David Chen rejected PO-2026-0001. Reason: Insufficient manufacturing capacity for this delivery schedule.,alert,0,1,PurchaseOrder,2026-10-03 14:48:00.219460
541,2,Procurement Manager,Purchase Order Rejected by Vendor,Vendor David Chen rejected PO-2026-0001. Reason: Insufficient manufacturing capacity for this delivery schedule.,alert,0,1,PurchaseOrder,2026-10-03 14:48:00.221863
542,19,Procurement Manager,Purchase Order Rejected by Vendor,Vendor David Chen rejected PO-2026-0001. Reason: Insufficient manufacturing capacity for this delivery schedule.,alert,0,1,PurchaseOrder,2026-10-03 14:48:00.221867
543,2,Procurement Manager,Purchase Requisition Created,"Purchase Requisition PR-2026-0089 (keyboard, Qty: 50.0) created and ready for vendor evaluation.",approval,0,89,ProcurementRequest,2026-10-03 17:32:24.943062
544,19,Procurement Manager,Purchase Requisition Created,"Purchase Requisition PR-2026-0089 (keyboard, Qty: 50.0) created and ready for vendor evaluation.",approval,0,89,ProcurementRequest,2026-10-03 17:32:24.943067
545,3,Finance Officer,Vendor Selection Awaiting Financial Approval,"Vendor selection for PR-2026-0089 (ABC Technologies, Quote: $250,000.00) requires financial approval.",approval,0,89,VendorSelection,2026-10-03 17:33:35.664624
546,4,Supply Chain Manager,Vendor Selection Financially Approved,"Financially approved vendor selection for PR-2026-0089 (ABC Technologies, Allocated Budget: $250,000.00) is ready for PO creation.",order,0,89,ProcurementRequest,2026-10-03 17:33:47.447137
547,21,,New Purchase Order Issued,"Purchase Order PO-2026-0183 (Total: $250,000.00) has been issued to your enterprise. Please review and accept.",order,0,183,PurchaseOrder,2026-10-03 18:47:15.856591
